image_id,variety
200001.jpg,ADT45
200002.jpg,ADT45
200003.jpg,ADT45
200004.jpg,Zonal
200005.jpg,AndraPonni
200006.jpg,ADT45
200007.jpg,ADT45
200008.jpg,ADT45
200009.jpg,AndraPonni
200010.jpg,ADT45
200011.jpg,ADT45
200012.jpg,KarnatakaPonni
200013.jpg,Ponni
200014.jpg,IR20
200015.jpg,ADT45
200016.jpg,ADT45
200017.jpg,ADT45
200018.jpg,ADT45
200019.jpg,ADT45
200020.jpg,ADT45
200021.jpg,ADT45
200022.jpg,ADT45
200023.jpg,IR20
200024.jpg,ADT45
200025.jpg,ADT45
200026.jpg,ADT45
200027.jpg,Ponni
200028.jpg,ADT45
200029.jpg,ADT45
200030.jpg,KarnatakaPonni
200031.jpg,AtchayaPonni
200032.jpg,ADT45
200033.jpg,ADT45
200034.jpg,KarnatakaPonni
200035.jpg,ADT45
200036.jpg,ADT45
200037.jpg,ADT45
200038.jpg,ADT45
200039.jpg,ADT45
200040.jpg,ADT45
200041.jpg,ADT45
200042.jpg,KarnatakaPonni
200043.jpg,Onthanel
200044.jpg,AtchayaPonni
200045.jpg,ADT45
200046.jpg,ADT45
200047.jpg,ADT45
200048.jpg,KarnatakaPonni
200049.jpg,ADT45
200050.jpg,Onthanel
200051.jpg,ADT45
200052.jpg,ADT45
200053.jpg,Onthanel
200054.jpg,ADT45
200055.jpg,ADT45
200056.jpg,ADT45
200057.jpg,AtchayaPonni
200058.jpg,ADT45
200059.jpg,ADT45
200060.jpg,KarnatakaPonni
200061.jpg,ADT45
200062.jpg,ADT45
200063.jpg,ADT45
200064.jpg,ADT45
200065.jpg,ADT45
200066.jpg,ADT45
200067.jpg,ADT45
200068.jpg,ADT45
200069.jpg,ADT45
200070.jpg,ADT45
200071.jpg,ADT45
200072.jpg,ADT45
200073.jpg,Zonal
200074.jpg,KarnatakaPonni
200075.jpg,ADT45
200076.jpg,ADT45
200077.jpg,ADT45
200078.jpg,ADT45
200079.jpg,ADT45
200080.jpg,ADT45
200081.jpg,ADT45
200082.jpg,ADT45
200083.jpg,ADT45
200084.jpg,ADT45
200085.jpg,KarnatakaPonni
200086.jpg,ADT45
200087.jpg,ADT45
200088.jpg,ADT45
200089.jpg,ADT45
200090.jpg,KarnatakaPonni
200091.jpg,ADT45
200092.jpg,ADT45
200093.jpg,ADT45
200094.jpg,ADT45
200095.jpg,ADT45
200096.jpg,Onthanel
200097.jpg,ADT45
200098.jpg,ADT45
200099.jpg,AndraPonni
200100.jpg,Ponni
200101.jpg,AndraPonni
200102.jpg,AtchayaPonni
200103.jpg,ADT45
200104.jpg,ADT45
200105.jpg,ADT45
200106.jpg,AndraPonni
200107.jpg,ADT45
200108.jpg,ADT45
200109.jpg,ADT45
200110.jpg,KarnatakaPonni
200111.jpg,ADT45
200112.jpg,KarnatakaPonni
200113.jpg,ADT45
200114.jpg,ADT45
200115.jpg,AndraPonni
200116.jpg,ADT45
200117.jpg,ADT45
200118.jpg,ADT45
200119.jpg,ADT45
200120.jpg,ADT45
200121.jpg,ADT45
200122.jpg,KarnatakaPonni
200123.jpg,ADT45
200124.jpg,ADT45
200125.jpg,KarnatakaPonni
200126.jpg,ADT45
200127.jpg,KarnatakaPonni
200128.jpg,ADT45
200129.jpg,KarnatakaPonni
200130.jpg,ADT45
200131.jpg,KarnatakaPonni
200132.jpg,AtchayaPonni
200133.jpg,ADT45
200134.jpg,ADT45
200135.jpg,ADT45
200136.jpg,ADT45
200137.jpg,KarnatakaPonni
200138.jpg,KarnatakaPonni
200139.jpg,KarnatakaPonni
200140.jpg,ADT45
200141.jpg,ADT45
200142.jpg,ADT45
200143.jpg,KarnatakaPonni
200144.jpg,ADT45
200145.jpg,KarnatakaPonni
200146.jpg,ADT45
200147.jpg,ADT45
200148.jpg,KarnatakaPonni
200149.jpg,ADT45
200150.jpg,ADT45
200151.jpg,Zonal
200152.jpg,ADT45
200153.jpg,ADT45
200154.jpg,Zonal
200155.jpg,ADT45
200156.jpg,Zonal
200157.jpg,ADT45
200158.jpg,ADT45
200159.jpg,ADT45
200160.jpg,ADT45
200161.jpg,ADT45
200162.jpg,Zonal
200163.jpg,AndraPonni
200164.jpg,Zonal
200165.jpg,AndraPonni
200166.jpg,ADT45
200167.jpg,KarnatakaPonni
200168.jpg,ADT45
200169.jpg,ADT45
200170.jpg,ADT45
200171.jpg,ADT45
200172.jpg,AndraPonni
200173.jpg,ADT45
200174.jpg,ADT45
200175.jpg,IR20
200176.jpg,ADT45
200177.jpg,Ponni
200178.jpg,ADT45
200179.jpg,ADT45
200180.jpg,ADT45
200181.jpg,ADT45
200182.jpg,ADT45
200183.jpg,ADT45
200184.jpg,ADT45
200185.jpg,ADT45
200186.jpg,KarnatakaPonni
200187.jpg,ADT45
200188.jpg,Zonal
200189.jpg,AtchayaPonni
200190.jpg,ADT45
200191.jpg,ADT45
200192.jpg,ADT45
200193.jpg,ADT45
200194.jpg,ADT45
200195.jpg,ADT45
200196.jpg,ADT45
200197.jpg,Ponni
200198.jpg,AndraPonni
200199.jpg,ADT45
200200.jpg,ADT45
200201.jpg,ADT45
200202.jpg,Ponni
200203.jpg,ADT45
200204.jpg,ADT45
200205.jpg,ADT45
200206.jpg,ADT45
200207.jpg,Zonal
200208.jpg,ADT45
200209.jpg,ADT45
200210.jpg,ADT45
200211.jpg,ADT45
200212.jpg,ADT45
200213.jpg,ADT45
200214.jpg,ADT45
200215.jpg,KarnatakaPonni
200216.jpg,ADT45
200217.jpg,Onthanel
200218.jpg,ADT45
200219.jpg,ADT45
200220.jpg,KarnatakaPonni
200221.jpg,ADT45
200222.jpg,ADT45
200223.jpg,ADT45
200224.jpg,ADT45
200225.jpg,ADT45
200226.jpg,ADT45
200227.jpg,ADT45
200228.jpg,KarnatakaPonni
200229.jpg,ADT45
200230.jpg,ADT45
200231.jpg,ADT45
200232.jpg,Ponni
200233.jpg,Zonal
200234.jpg,KarnatakaPonni
200235.jpg,ADT45
200236.jpg,KarnatakaPonni
200237.jpg,KarnatakaPonni
200238.jpg,KarnatakaPonni
200239.jpg,ADT45
200240.jpg,Zonal
200241.jpg,ADT45
200242.jpg,ADT45
200243.jpg,ADT45
200244.jpg,ADT45
200245.jpg,ADT45
200246.jpg,ADT45
200247.jpg,ADT45
200248.jpg,Ponni
200249.jpg,ADT45
200250.jpg,AndraPonni
200251.jpg,KarnatakaPonni
200252.jpg,ADT45
200253.jpg,ADT45
200254.jpg,ADT45
200255.jpg,Zonal
200256.jpg,KarnatakaPonni
200257.jpg,KarnatakaPonni
200258.jpg,AndraPonni
200259.jpg,ADT45
200260.jpg,Ponni
200261.jpg,ADT45
200262.jpg,ADT45
200263.jpg,ADT45
200264.jpg,Ponni
200265.jpg,ADT45
200266.jpg,Zonal
200267.jpg,ADT45
200268.jpg,ADT45
200269.jpg,AtchayaPonni
200270.jpg,ADT45
200271.jpg,ADT45
200272.jpg,Zonal
200273.jpg,ADT45
200274.jpg,ADT45
200275.jpg,ADT45
200276.jpg,ADT45
200277.jpg,ADT45
200278.jpg,ADT45
200279.jpg,Zonal
200280.jpg,AtchayaPonni
200281.jpg,ADT45
200282.jpg,ADT45
200283.jpg,ADT45
200284.jpg,ADT45
200285.jpg,ADT45
200286.jpg,ADT45
200287.jpg,ADT45
200288.jpg,Ponni
200289.jpg,KarnatakaPonni
200290.jpg,ADT45
200291.jpg,ADT45
200292.jpg,AndraPonni
200293.jpg,ADT45
200294.jpg,AtchayaPonni
200295.jpg,ADT45
200296.jpg,Ponni
200297.jpg,ADT45
200298.jpg,ADT45
200299.jpg,ADT45
200300.jpg,Ponni
200301.jpg,Ponni
200302.jpg,Onthanel
200303.jpg,AtchayaPonni
200304.jpg,ADT45
200305.jpg,ADT45
200306.jpg,ADT45
200307.jpg,ADT45
200308.jpg,ADT45
200309.jpg,ADT45
200310.jpg,ADT45
200311.jpg,ADT45
200312.jpg,ADT45
200313.jpg,ADT45
200314.jpg,AtchayaPonni
200315.jpg,ADT45
200316.jpg,ADT45
200317.jpg,AndraPonni
200318.jpg,ADT45
200319.jpg,ADT45
200320.jpg,ADT45
200321.jpg,ADT45
200322.jpg,AtchayaPonni
200323.jpg,ADT45
200324.jpg,ADT45
200325.jpg,ADT45
200326.jpg,KarnatakaPonni
200327.jpg,Zonal
200328.jpg,AtchayaPonni
200329.jpg,ADT45
200330.jpg,ADT45
200331.jpg,ADT45
200332.jpg,ADT45
200333.jpg,Onthanel
200334.jpg,ADT45
200335.jpg,ADT45
200336.jpg,ADT45
200337.jpg,ADT45
200338.jpg,ADT45
200339.jpg,ADT45
200340.jpg,ADT45
200341.jpg,ADT45
200342.jpg,Onthanel
200343.jpg,ADT45
200344.jpg,KarnatakaPonni
200345.jpg,IR20
200346.jpg,ADT45
200347.jpg,ADT45
200348.jpg,ADT45
200349.jpg,ADT45
200350.jpg,ADT45
200351.jpg,ADT45
200352.jpg,Zonal
200353.jpg,AndraPonni
200354.jpg,KarnatakaPonni
200355.jpg,ADT45
200356.jpg,ADT45
200357.jpg,Zonal
200358.jpg,ADT45
200359.jpg,Ponni
200360.jpg,KarnatakaPonni
200361.jpg,ADT45
200362.jpg,ADT45
200363.jpg,KarnatakaPonni
200364.jpg,ADT45
200365.jpg,ADT45
200366.jpg,ADT45
200367.jpg,ADT45
200368.jpg,ADT45
200369.jpg,AndraPonni
200370.jpg,ADT45
200371.jpg,ADT45
200372.jpg,ADT45
200373.jpg,ADT45
200374.jpg,ADT45
200375.jpg,ADT45
200376.jpg,ADT45
200377.jpg,KarnatakaPonni
200378.jpg,ADT45
200379.jpg,KarnatakaPonni
200380.jpg,RR
200381.jpg,ADT45
200382.jpg,ADT45
200383.jpg,ADT45
200384.jpg,ADT45
200385.jpg,ADT45
200386.jpg,ADT45
200387.jpg,ADT45
200388.jpg,ADT45
200389.jpg,Ponni
200390.jpg,ADT45
200391.jpg,ADT45
200392.jpg,ADT45
200393.jpg,ADT45
200394.jpg,ADT45
200395.jpg,ADT45
200396.jpg,Onthanel
200397.jpg,AndraPonni
200398.jpg,KarnatakaPonni
200399.jpg,ADT45
200400.jpg,ADT45
200401.jpg,Ponni
200402.jpg,Ponni
200403.jpg,ADT45
200404.jpg,ADT45
200405.jpg,ADT45
200406.jpg,Onthanel
200407.jpg,ADT45
200408.jpg,ADT45
200409.jpg,ADT45
200410.jpg,ADT45
200411.jpg,ADT45
200412.jpg,ADT45
200413.jpg,KarnatakaPonni
200414.jpg,ADT45
200415.jpg,Zonal
200416.jpg,ADT45
200417.jpg,ADT45
200418.jpg,AtchayaPonni
200419.jpg,AtchayaPonni
200420.jpg,ADT45
200421.jpg,ADT45
200422.jpg,AtchayaPonni
200423.jpg,Onthanel
200424.jpg,ADT45
200425.jpg,ADT45
200426.jpg,ADT45
200427.jpg,KarnatakaPonni
200428.jpg,Ponni
200429.jpg,ADT45
200430.jpg,AtchayaPonni
200431.jpg,AtchayaPonni
200432.jpg,ADT45
200433.jpg,Zonal
200434.jpg,ADT45
200435.jpg,AtchayaPonni
200436.jpg,ADT45
200437.jpg,ADT45
200438.jpg,ADT45
200439.jpg,ADT45
200440.jpg,ADT45
200441.jpg,AtchayaPonni
200442.jpg,Ponni
200443.jpg,Ponni
200444.jpg,ADT45
200445.jpg,RR
200446.jpg,ADT45
200447.jpg,Ponni
200448.jpg,KarnatakaPonni
200449.jpg,ADT45
200450.jpg,ADT45
200451.jpg,ADT45
200452.jpg,ADT45
200453.jpg,ADT45
200454.jpg,ADT45
200455.jpg,ADT45
200456.jpg,ADT45
200457.jpg,AtchayaPonni
200458.jpg,ADT45
200459.jpg,ADT45
200460.jpg,ADT45
200461.jpg,ADT45
200462.jpg,ADT45
200463.jpg,AndraPonni
200464.jpg,ADT45
200465.jpg,ADT45
200466.jpg,ADT45
200467.jpg,ADT45
200468.jpg,KarnatakaPonni
200469.jpg,Onthanel
200470.jpg,ADT45
200471.jpg,ADT45
200472.jpg,Ponni
200473.jpg,ADT45
200474.jpg,ADT45
200475.jpg,ADT45
200476.jpg,RR
200477.jpg,ADT45
200478.jpg,ADT45
200479.jpg,ADT45
200480.jpg,ADT45
200481.jpg,ADT45
200482.jpg,ADT45
200483.jpg,ADT45
200484.jpg,ADT45
200485.jpg,ADT45
200486.jpg,AtchayaPonni
200487.jpg,ADT45
200488.jpg,ADT45
200489.jpg,ADT45
200490.jpg,ADT45
200491.jpg,ADT45
200492.jpg,ADT45
200493.jpg,ADT45
200494.jpg,ADT45
200495.jpg,ADT45
200496.jpg,ADT45
200497.jpg,Onthanel
200498.jpg,ADT45
200499.jpg,KarnatakaPonni
200500.jpg,ADT45
200501.jpg,ADT45
200502.jpg,ADT45
200503.jpg,ADT45
200504.jpg,Ponni
200505.jpg,AndraPonni
200506.jpg,Ponni
200507.jpg,ADT45
200508.jpg,ADT45
200509.jpg,ADT45
200510.jpg,ADT45
200511.jpg,ADT45
200512.jpg,AtchayaPonni
200513.jpg,Ponni
200514.jpg,KarnatakaPonni
200515.jpg,ADT45
200516.jpg,ADT45
200517.jpg,ADT45
200518.jpg,Onthanel
200519.jpg,ADT45
200520.jpg,AtchayaPonni
200521.jpg,Ponni
200522.jpg,ADT45
200523.jpg,AtchayaPonni
200524.jpg,ADT45
200525.jpg,KarnatakaPonni
200526.jpg,ADT45
200527.jpg,Ponni
200528.jpg,Onthanel
200529.jpg,ADT45
200530.jpg,ADT45
200531.jpg,AtchayaPonni
200532.jpg,RR
200533.jpg,ADT45
200534.jpg,ADT45
200535.jpg,AtchayaPonni
200536.jpg,Ponni
200537.jpg,ADT45
200538.jpg,ADT45
200539.jpg,AndraPonni
200540.jpg,ADT45
200541.jpg,Ponni
200542.jpg,Ponni
200543.jpg,ADT45
200544.jpg,ADT45
200545.jpg,ADT45
200546.jpg,ADT45
200547.jpg,Zonal
200548.jpg,Zonal
200549.jpg,ADT45
200550.jpg,ADT45
200551.jpg,ADT45
200552.jpg,ADT45
200553.jpg,Onthanel
200554.jpg,ADT45
200555.jpg,AndraPonni
200556.jpg,Ponni
200557.jpg,Zonal
200558.jpg,ADT45
200559.jpg,AtchayaPonni
200560.jpg,ADT45
200561.jpg,ADT45
200562.jpg,ADT45
200563.jpg,ADT45
200564.jpg,AndraPonni
200565.jpg,ADT45
200566.jpg,ADT45
200567.jpg,Ponni
200568.jpg,ADT45
200569.jpg,ADT45
200570.jpg,ADT45
200571.jpg,Onthanel
200572.jpg,ADT45
200573.jpg,ADT45
200574.jpg,AtchayaPonni
200575.jpg,ADT45
200576.jpg,ADT45
200577.jpg,ADT45
200578.jpg,Onthanel
200579.jpg,Onthanel
200580.jpg,KarnatakaPonni
200581.jpg,ADT45
200582.jpg,ADT45
200583.jpg,ADT45
200584.jpg,ADT45
200585.jpg,KarnatakaPonni
200586.jpg,ADT45
200587.jpg,ADT45
200588.jpg,ADT45
200589.jpg,ADT45
200590.jpg,ADT45
200591.jpg,ADT45
200592.jpg,ADT45
200593.jpg,Zonal
200594.jpg,Ponni
200595.jpg,ADT45
200596.jpg,AtchayaPonni
200597.jpg,ADT45
200598.jpg,ADT45
200599.jpg,ADT45
200600.jpg,ADT45
200601.jpg,KarnatakaPonni
200602.jpg,ADT45
200603.jpg,ADT45
200604.jpg,ADT45
200605.jpg,ADT45
200606.jpg,ADT45
200607.jpg,ADT45
200608.jpg,ADT45
200609.jpg,ADT45
200610.jpg,ADT45
200611.jpg,ADT45
200612.jpg,ADT45
200613.jpg,ADT45
200614.jpg,ADT45
200615.jpg,Ponni
200616.jpg,ADT45
200617.jpg,ADT45
200618.jpg,AndraPonni
200619.jpg,ADT45
200620.jpg,Onthanel
200621.jpg,ADT45
200622.jpg,ADT45
200623.jpg,Ponni
200624.jpg,KarnatakaPonni
200625.jpg,AtchayaPonni
200626.jpg,ADT45
200627.jpg,AtchayaPonni
200628.jpg,IR20
200629.jpg,ADT45
200630.jpg,ADT45
200631.jpg,ADT45
200632.jpg,ADT45
200633.jpg,ADT45
200634.jpg,AtchayaPonni
200635.jpg,Ponni
200636.jpg,ADT45
200637.jpg,KarnatakaPonni
200638.jpg,ADT45
200639.jpg,KarnatakaPonni
200640.jpg,ADT45
200641.jpg,KarnatakaPonni
200642.jpg,ADT45
200643.jpg,ADT45
200644.jpg,ADT45
200645.jpg,ADT45
200646.jpg,Ponni
200647.jpg,ADT45
200648.jpg,ADT45
200649.jpg,ADT45
200650.jpg,ADT45
200651.jpg,ADT45
200652.jpg,ADT45
200653.jpg,ADT45
200654.jpg,AndraPonni
200655.jpg,ADT45
200656.jpg,ADT45
200657.jpg,KarnatakaPonni
200658.jpg,ADT45
200659.jpg,ADT45
200660.jpg,ADT45
200661.jpg,Zonal
200662.jpg,KarnatakaPonni
200663.jpg,AtchayaPonni
200664.jpg,ADT45
200665.jpg,ADT45
200666.jpg,AndraPonni
200667.jpg,KarnatakaPonni
200668.jpg,ADT45
200669.jpg,ADT45
200670.jpg,ADT45
200671.jpg,ADT45
200672.jpg,Ponni
200673.jpg,ADT45
200674.jpg,ADT45
200675.jpg,Onthanel
200676.jpg,ADT45
200677.jpg,ADT45
200678.jpg,AtchayaPonni
200679.jpg,KarnatakaPonni
200680.jpg,ADT45
200681.jpg,KarnatakaPonni
200682.jpg,ADT45
200683.jpg,ADT45
200684.jpg,Ponni
200685.jpg,Zonal
200686.jpg,ADT45
200687.jpg,ADT45
200688.jpg,ADT45
200689.jpg,IR20
200690.jpg,ADT45
200691.jpg,ADT45
200692.jpg,ADT45
200693.jpg,KarnatakaPonni
200694.jpg,ADT45
200695.jpg,KarnatakaPonni
200696.jpg,AtchayaPonni
200697.jpg,KarnatakaPonni
200698.jpg,ADT45
200699.jpg,Ponni
200700.jpg,IR20
200701.jpg,Zonal
200702.jpg,ADT45
200703.jpg,ADT45
200704.jpg,ADT45
200705.jpg,ADT45
200706.jpg,AndraPonni
200707.jpg,ADT45
200708.jpg,AtchayaPonni
200709.jpg,ADT45
200710.jpg,Zonal
200711.jpg,ADT45
200712.jpg,ADT45
200713.jpg,ADT45
200714.jpg,ADT45
200715.jpg,ADT45
200716.jpg,ADT45
200717.jpg,Onthanel
200718.jpg,Ponni
200719.jpg,ADT45
200720.jpg,ADT45
200721.jpg,ADT45
200722.jpg,ADT45
200723.jpg,ADT45
200724.jpg,ADT45
200725.jpg,ADT45
200726.jpg,ADT45
200727.jpg,ADT45
200728.jpg,ADT45
200729.jpg,ADT45
200730.jpg,Zonal
200731.jpg,ADT45
200732.jpg,Ponni
200733.jpg,ADT45
200734.jpg,ADT45
200735.jpg,ADT45
200736.jpg,ADT45
200737.jpg,AtchayaPonni
200738.jpg,ADT45
200739.jpg,Zonal
200740.jpg,ADT45
200741.jpg,ADT45
200742.jpg,ADT45
200743.jpg,ADT45
200744.jpg,KarnatakaPonni
200745.jpg,ADT45
200746.jpg,ADT45
200747.jpg,ADT45
200748.jpg,ADT45
200749.jpg,KarnatakaPonni
200750.jpg,ADT45
200751.jpg,Zonal
200752.jpg,ADT45
200753.jpg,KarnatakaPonni
200754.jpg,ADT45
200755.jpg,ADT45
200756.jpg,ADT45
200757.jpg,ADT45
200758.jpg,ADT45
200759.jpg,ADT45
200760.jpg,ADT45
200761.jpg,ADT45
200762.jpg,KarnatakaPonni
200763.jpg,ADT45
200764.jpg,ADT45
200765.jpg,ADT45
200766.jpg,AndraPonni
200767.jpg,ADT45
200768.jpg,ADT45
200769.jpg,ADT45
200770.jpg,Zonal
200771.jpg,ADT45
200772.jpg,Ponni
200773.jpg,Zonal
200774.jpg,ADT45
200775.jpg,KarnatakaPonni
200776.jpg,ADT45
200777.jpg,ADT45
200778.jpg,ADT45
200779.jpg,ADT45
200780.jpg,KarnatakaPonni
200781.jpg,ADT45
200782.jpg,KarnatakaPonni
200783.jpg,AndraPonni
200784.jpg,Ponni
200785.jpg,ADT45
200786.jpg,ADT45
200787.jpg,ADT45
200788.jpg,ADT45
200789.jpg,ADT45
200790.jpg,ADT45
200791.jpg,Ponni
200792.jpg,IR20
200793.jpg,ADT45
200794.jpg,ADT45
200795.jpg,ADT45
200796.jpg,ADT45
200797.jpg,ADT45
200798.jpg,ADT45
200799.jpg,ADT45
200800.jpg,KarnatakaPonni
200801.jpg,ADT45
200802.jpg,ADT45
200803.jpg,Onthanel
200804.jpg,KarnatakaPonni
200805.jpg,AtchayaPonni
200806.jpg,ADT45
200807.jpg,ADT45
200808.jpg,ADT45
200809.jpg,ADT45
200810.jpg,ADT45
200811.jpg,ADT45
200812.jpg,ADT45
200813.jpg,AtchayaPonni
200814.jpg,ADT45
200815.jpg,ADT45
200816.jpg,ADT45
200817.jpg,ADT45
200818.jpg,KarnatakaPonni
200819.jpg,ADT45
200820.jpg,ADT45
200821.jpg,ADT45
200822.jpg,ADT45
200823.jpg,ADT45
200824.jpg,ADT45
200825.jpg,ADT45
200826.jpg,ADT45
200827.jpg,Ponni
200828.jpg,Ponni
200829.jpg,ADT45
200830.jpg,ADT45
200831.jpg,ADT45
200832.jpg,ADT45
200833.jpg,AndraPonni
200834.jpg,ADT45
200835.jpg,ADT45
200836.jpg,ADT45
200837.jpg,ADT45
200838.jpg,ADT45
200839.jpg,ADT45
200840.jpg,ADT45
200841.jpg,ADT45
200842.jpg,ADT45
200843.jpg,KarnatakaPonni
200844.jpg,ADT45
200845.jpg,ADT45
200846.jpg,ADT45
200847.jpg,ADT45
200848.jpg,ADT45
200849.jpg,ADT45
200850.jpg,ADT45
200851.jpg,ADT45
200852.jpg,Ponni
200853.jpg,ADT45
200854.jpg,ADT45
200855.jpg,ADT45
200856.jpg,KarnatakaPonni
200857.jpg,Ponni
200858.jpg,ADT45
200859.jpg,ADT45
200860.jpg,ADT45
200861.jpg,ADT45
200862.jpg,ADT45
200863.jpg,AndraPonni
200864.jpg,Zonal
200865.jpg,ADT45
200866.jpg,ADT45
200867.jpg,ADT45
200868.jpg,ADT45
200869.jpg,ADT45
200870.jpg,ADT45
200871.jpg,ADT45
200872.jpg,ADT45
200873.jpg,ADT45
200874.jpg,ADT45
200875.jpg,Ponni
200876.jpg,ADT45
200877.jpg,ADT45
200878.jpg,AndraPonni
200879.jpg,KarnatakaPonni
200880.jpg,ADT45
200881.jpg,ADT45
200882.jpg,ADT45
200883.jpg,Onthanel
200884.jpg,ADT45
200885.jpg,ADT45
200886.jpg,ADT45
200887.jpg,Onthanel
200888.jpg,ADT45
200889.jpg,ADT45
200890.jpg,ADT45
200891.jpg,ADT45
200892.jpg,ADT45
200893.jpg,AtchayaPonni
200894.jpg,KarnatakaPonni
200895.jpg,KarnatakaPonni
200896.jpg,Ponni
200897.jpg,ADT45
200898.jpg,Onthanel
200899.jpg,ADT45
200900.jpg,ADT45
200901.jpg,ADT45
200902.jpg,ADT45
200903.jpg,ADT45
200904.jpg,ADT45
200905.jpg,ADT45
200906.jpg,ADT45
200907.jpg,ADT45
200908.jpg,IR20
200909.jpg,ADT45
200910.jpg,Ponni
200911.jpg,ADT45
200912.jpg,ADT45
200913.jpg,ADT45
200914.jpg,ADT45
200915.jpg,ADT45
200916.jpg,ADT45
200917.jpg,ADT45
200918.jpg,ADT45
200919.jpg,ADT45
200920.jpg,ADT45
200921.jpg,Ponni
200922.jpg,KarnatakaPonni
200923.jpg,ADT45
200924.jpg,ADT45
200925.jpg,Zonal
200926.jpg,KarnatakaPonni
200927.jpg,ADT45
200928.jpg,ADT45
200929.jpg,ADT45
200930.jpg,ADT45
200931.jpg,ADT45
200932.jpg,ADT45
200933.jpg,ADT45
200934.jpg,KarnatakaPonni
200935.jpg,ADT45
200936.jpg,KarnatakaPonni
200937.jpg,Ponni
200938.jpg,ADT45
200939.jpg,AndraPonni
200940.jpg,AtchayaPonni
200941.jpg,KarnatakaPonni
200942.jpg,ADT45
200943.jpg,Zonal
200944.jpg,ADT45
200945.jpg,ADT45
200946.jpg,ADT45
200947.jpg,Zonal
200948.jpg,ADT45
200949.jpg,KarnatakaPonni
200950.jpg,ADT45
200951.jpg,ADT45
200952.jpg,Onthanel
200953.jpg,KarnatakaPonni
200954.jpg,ADT45
200955.jpg,AtchayaPonni
200956.jpg,ADT45
200957.jpg,ADT45
200958.jpg,Ponni
200959.jpg,ADT45
200960.jpg,ADT45
200961.jpg,Ponni
200962.jpg,Zonal
200963.jpg,KarnatakaPonni
200964.jpg,KarnatakaPonni
200965.jpg,KarnatakaPonni
200966.jpg,ADT45
200967.jpg,KarnatakaPonni
200968.jpg,KarnatakaPonni
200969.jpg,KarnatakaPonni
200970.jpg,ADT45
200971.jpg,ADT45
200972.jpg,ADT45
200973.jpg,ADT45
200974.jpg,ADT45
200975.jpg,ADT45
200976.jpg,ADT45
200977.jpg,ADT45
200978.jpg,ADT45
200979.jpg,ADT45
200980.jpg,ADT45
200981.jpg,ADT45
200982.jpg,ADT45
200983.jpg,Zonal
200984.jpg,ADT45
200985.jpg,Ponni
200986.jpg,ADT45
200987.jpg,ADT45
200988.jpg,KarnatakaPonni
200989.jpg,ADT45
200990.jpg,Onthanel
200991.jpg,Ponni
200992.jpg,ADT45
200993.jpg,ADT45
200994.jpg,ADT45
200995.jpg,ADT45
200996.jpg,Ponni
200997.jpg,Ponni
200998.jpg,AndraPonni
200999.jpg,KarnatakaPonni
201000.jpg,ADT45
201001.jpg,Zonal
201002.jpg,ADT45
201003.jpg,ADT45
201004.jpg,ADT45
201005.jpg,ADT45
201006.jpg,ADT45
201007.jpg,ADT45
201008.jpg,ADT45
201009.jpg,ADT45
201010.jpg,ADT45
201011.jpg,ADT45
201012.jpg,ADT45
201013.jpg,ADT45
201014.jpg,ADT45
201015.jpg,Ponni
201016.jpg,ADT45
201017.jpg,ADT45
201018.jpg,KarnatakaPonni
201019.jpg,ADT45
201020.jpg,KarnatakaPonni
201021.jpg,Onthanel
201022.jpg,AndraPonni
201023.jpg,ADT45
201024.jpg,ADT45
201025.jpg,Ponni
201026.jpg,ADT45
201027.jpg,ADT45
201028.jpg,ADT45
201029.jpg,ADT45
201030.jpg,ADT45
201031.jpg,KarnatakaPonni
201032.jpg,ADT45
201033.jpg,ADT45
201034.jpg,ADT45
201035.jpg,ADT45
201036.jpg,ADT45
201037.jpg,ADT45
201038.jpg,ADT45
201039.jpg,ADT45
201040.jpg,ADT45
201041.jpg,Onthanel
201042.jpg,ADT45
201043.jpg,ADT45
201044.jpg,ADT45
201045.jpg,ADT45
201046.jpg,ADT45
201047.jpg,ADT45
201048.jpg,ADT45
201049.jpg,ADT45
201050.jpg,ADT45
201051.jpg,ADT45
201052.jpg,ADT45
201053.jpg,Ponni
201054.jpg,Ponni
201055.jpg,AtchayaPonni
201056.jpg,ADT45
201057.jpg,ADT45
201058.jpg,AndraPonni
201059.jpg,ADT45
201060.jpg,ADT45
201061.jpg,ADT45
201062.jpg,ADT45
201063.jpg,KarnatakaPonni
201064.jpg,ADT45
201065.jpg,ADT45
201066.jpg,ADT45
201067.jpg,ADT45
201068.jpg,ADT45
201069.jpg,ADT45
201070.jpg,ADT45
201071.jpg,ADT45
201072.jpg,KarnatakaPonni
201073.jpg,KarnatakaPonni
201074.jpg,Zonal
201075.jpg,ADT45
201076.jpg,ADT45
201077.jpg,ADT45
201078.jpg,KarnatakaPonni
201079.jpg,Onthanel
201080.jpg,Ponni
201081.jpg,ADT45
201082.jpg,ADT45
201083.jpg,KarnatakaPonni
201084.jpg,AtchayaPonni
201085.jpg,ADT45
201086.jpg,Onthanel
201087.jpg,KarnatakaPonni
201088.jpg,KarnatakaPonni
201089.jpg,ADT45
201090.jpg,ADT45
201091.jpg,ADT45
201092.jpg,KarnatakaPonni
201093.jpg,ADT45
201094.jpg,Onthanel
201095.jpg,ADT45
201096.jpg,ADT45
201097.jpg,ADT45
201098.jpg,AtchayaPonni
201099.jpg,ADT45
201100.jpg,ADT45
201101.jpg,ADT45
201102.jpg,AndraPonni
201103.jpg,AndraPonni
201104.jpg,KarnatakaPonni
201105.jpg,ADT45
201106.jpg,Zonal
201107.jpg,Zonal
201108.jpg,Zonal
201109.jpg,ADT45
201110.jpg,AtchayaPonni
201111.jpg,KarnatakaPonni
201112.jpg,ADT45
201113.jpg,ADT45
201114.jpg,ADT45
201115.jpg,ADT45
201116.jpg,ADT45
201117.jpg,ADT45
201118.jpg,Zonal
201119.jpg,Ponni
201120.jpg,KarnatakaPonni
201121.jpg,ADT45
201122.jpg,ADT45
201123.jpg,ADT45
201124.jpg,ADT45
201125.jpg,ADT45
201126.jpg,ADT45
201127.jpg,ADT45
201128.jpg,ADT45
201129.jpg,ADT45
201130.jpg,ADT45
201131.jpg,ADT45
201132.jpg,ADT45
201133.jpg,ADT45
201134.jpg,ADT45
201135.jpg,Onthanel
201136.jpg,ADT45
201137.jpg,ADT45
201138.jpg,KarnatakaPonni
201139.jpg,ADT45
201140.jpg,ADT45
201141.jpg,ADT45
201142.jpg,ADT45
201143.jpg,ADT45
201144.jpg,ADT45
201145.jpg,ADT45
201146.jpg,ADT45
201147.jpg,Ponni
201148.jpg,ADT45
201149.jpg,ADT45
201150.jpg,ADT45
201151.jpg,KarnatakaPonni
201152.jpg,KarnatakaPonni
201153.jpg,ADT45
201154.jpg,ADT45
201155.jpg,ADT45
201156.jpg,ADT45
201157.jpg,Ponni
201158.jpg,ADT45
201159.jpg,Ponni
201160.jpg,AndraPonni
201161.jpg,ADT45
201162.jpg,ADT45
201163.jpg,ADT45
201164.jpg,KarnatakaPonni
201165.jpg,KarnatakaPonni
201166.jpg,Onthanel
201167.jpg,KarnatakaPonni
201168.jpg,ADT45
201169.jpg,Onthanel
201170.jpg,ADT45
201171.jpg,ADT45
201172.jpg,ADT45
201173.jpg,ADT45
201174.jpg,ADT45
201175.jpg,Surya
201176.jpg,ADT45
201177.jpg,ADT45
201178.jpg,ADT45
201179.jpg,ADT45
201180.jpg,ADT45
201181.jpg,ADT45
201182.jpg,ADT45
201183.jpg,ADT45
201184.jpg,Zonal
201185.jpg,ADT45
201186.jpg,Ponni
201187.jpg,ADT45
201188.jpg,KarnatakaPonni
201189.jpg,ADT45
201190.jpg,ADT45
201191.jpg,KarnatakaPonni
201192.jpg,ADT45
201193.jpg,ADT45
201194.jpg,AtchayaPonni
201195.jpg,ADT45
201196.jpg,Ponni
201197.jpg,Onthanel
201198.jpg,ADT45
201199.jpg,ADT45
201200.jpg,ADT45
201201.jpg,ADT45
201202.jpg,Ponni
201203.jpg,ADT45
201204.jpg,KarnatakaPonni
201205.jpg,ADT45
201206.jpg,ADT45
201207.jpg,ADT45
201208.jpg,ADT45
201209.jpg,KarnatakaPonni
201210.jpg,ADT45
201211.jpg,ADT45
201212.jpg,ADT45
201213.jpg,ADT45
201214.jpg,ADT45
201215.jpg,ADT45
201216.jpg,ADT45
201217.jpg,ADT45
201218.jpg,ADT45
201219.jpg,KarnatakaPonni
201220.jpg,ADT45
201221.jpg,ADT45
201222.jpg,ADT45
201223.jpg,ADT45
201224.jpg,ADT45
201225.jpg,ADT45
201226.jpg,ADT45
201227.jpg,AtchayaPonni
201228.jpg,KarnatakaPonni
201229.jpg,ADT45
201230.jpg,ADT45
201231.jpg,IR20
201232.jpg,ADT45
201233.jpg,ADT45
201234.jpg,ADT45
201235.jpg,ADT45
201236.jpg,ADT45
201237.jpg,Zonal
201238.jpg,ADT45
201239.jpg,ADT45
201240.jpg,ADT45
201241.jpg,Onthanel
201242.jpg,ADT45
201243.jpg,ADT45
201244.jpg,RR
201245.jpg,ADT45
201246.jpg,ADT45
201247.jpg,ADT45
201248.jpg,ADT45
201249.jpg,Onthanel
201250.jpg,ADT45
201251.jpg,KarnatakaPonni
201252.jpg,ADT45
201253.jpg,ADT45
201254.jpg,ADT45
201255.jpg,AtchayaPonni
201256.jpg,ADT45
201257.jpg,ADT45
201258.jpg,ADT45
201259.jpg,Ponni
201260.jpg,Onthanel
201261.jpg,AtchayaPonni
201262.jpg,ADT45
201263.jpg,ADT45
201264.jpg,ADT45
201265.jpg,KarnatakaPonni
201266.jpg,ADT45
201267.jpg,ADT45
201268.jpg,ADT45
201269.jpg,Onthanel
201270.jpg,ADT45
201271.jpg,Zonal
201272.jpg,ADT45
201273.jpg,Onthanel
201274.jpg,KarnatakaPonni
201275.jpg,ADT45
201276.jpg,ADT45
201277.jpg,Ponni
201278.jpg,ADT45
201279.jpg,ADT45
201280.jpg,Onthanel
201281.jpg,KarnatakaPonni
201282.jpg,ADT45
201283.jpg,ADT45
201284.jpg,KarnatakaPonni
201285.jpg,ADT45
201286.jpg,ADT45
201287.jpg,ADT45
201288.jpg,Ponni
201289.jpg,ADT45
201290.jpg,ADT45
201291.jpg,ADT45
201292.jpg,ADT45
201293.jpg,IR20
201294.jpg,KarnatakaPonni
201295.jpg,ADT45
201296.jpg,AndraPonni
201297.jpg,ADT45
201298.jpg,KarnatakaPonni
201299.jpg,ADT45
201300.jpg,ADT45
201301.jpg,Ponni
201302.jpg,ADT45
201303.jpg,Onthanel
201304.jpg,ADT45
201305.jpg,Onthanel
201306.jpg,ADT45
201307.jpg,KarnatakaPonni
201308.jpg,ADT45
201309.jpg,ADT45
201310.jpg,ADT45
201311.jpg,ADT45
201312.jpg,Ponni
201313.jpg,ADT45
201314.jpg,ADT45
201315.jpg,ADT45
201316.jpg,KarnatakaPonni
201317.jpg,ADT45
201318.jpg,KarnatakaPonni
201319.jpg,AndraPonni
201320.jpg,Surya
201321.jpg,ADT45
201322.jpg,ADT45
201323.jpg,Ponni
201324.jpg,ADT45
201325.jpg,ADT45
201326.jpg,ADT45
201327.jpg,ADT45
201328.jpg,ADT45
201329.jpg,ADT45
201330.jpg,ADT45
201331.jpg,ADT45
201332.jpg,ADT45
201333.jpg,ADT45
201334.jpg,AtchayaPonni
201335.jpg,Zonal
201336.jpg,ADT45
201337.jpg,Zonal
201338.jpg,ADT45
201339.jpg,ADT45
201340.jpg,ADT45
201341.jpg,ADT45
201342.jpg,AtchayaPonni
201343.jpg,ADT45
201344.jpg,ADT45
201345.jpg,KarnatakaPonni
201346.jpg,ADT45
201347.jpg,ADT45
201348.jpg,Ponni
201349.jpg,AtchayaPonni
201350.jpg,ADT45
201351.jpg,ADT45
201352.jpg,AndraPonni
201353.jpg,KarnatakaPonni
201354.jpg,ADT45
201355.jpg,ADT45
201356.jpg,ADT45
201357.jpg,ADT45
201358.jpg,ADT45
201359.jpg,ADT45
201360.jpg,ADT45
201361.jpg,Ponni
201362.jpg,Onthanel
201363.jpg,KarnatakaPonni
201364.jpg,ADT45
201365.jpg,ADT45
201366.jpg,ADT45
201367.jpg,KarnatakaPonni
201368.jpg,Ponni
201369.jpg,ADT45
201370.jpg,ADT45
201371.jpg,KarnatakaPonni
201372.jpg,ADT45
201373.jpg,ADT45
201374.jpg,KarnatakaPonni
201375.jpg,ADT45
201376.jpg,KarnatakaPonni
201377.jpg,Zonal
201378.jpg,ADT45
201379.jpg,ADT45
201380.jpg,ADT45
201381.jpg,ADT45
201382.jpg,Ponni
201383.jpg,ADT45
201384.jpg,AndraPonni
201385.jpg,AtchayaPonni
201386.jpg,KarnatakaPonni
201387.jpg,ADT45
201388.jpg,ADT45
201389.jpg,AndraPonni
201390.jpg,Ponni
201391.jpg,ADT45
201392.jpg,AtchayaPonni
201393.jpg,ADT45
201394.jpg,ADT45
201395.jpg,ADT45
201396.jpg,Onthanel
201397.jpg,ADT45
201398.jpg,ADT45
201399.jpg,Ponni
201400.jpg,ADT45
201401.jpg,ADT45
201402.jpg,ADT45
201403.jpg,ADT45
201404.jpg,ADT45
201405.jpg,Zonal
201406.jpg,ADT45
201407.jpg,ADT45
201408.jpg,ADT45
201409.jpg,ADT45
201410.jpg,ADT45
201411.jpg,AndraPonni
201412.jpg,ADT45
201413.jpg,Onthanel
201414.jpg,ADT45
201415.jpg,AndraPonni
201416.jpg,ADT45
201417.jpg,AtchayaPonni
201418.jpg,ADT45
201419.jpg,AndraPonni
201420.jpg,ADT45
201421.jpg,ADT45
201422.jpg,ADT45
201423.jpg,KarnatakaPonni
201424.jpg,ADT45
201425.jpg,Onthanel
201426.jpg,Zonal
201427.jpg,KarnatakaPonni
201428.jpg,ADT45
201429.jpg,ADT45
201430.jpg,ADT45
201431.jpg,ADT45
201432.jpg,AndraPonni
201433.jpg,ADT45
201434.jpg,AndraPonni
201435.jpg,ADT45
201436.jpg,ADT45
201437.jpg,ADT45
201438.jpg,ADT45
201439.jpg,ADT45
201440.jpg,ADT45
201441.jpg,ADT45
201442.jpg,ADT45
201443.jpg,ADT45
201444.jpg,ADT45
201445.jpg,ADT45
201446.jpg,ADT45
201447.jpg,ADT45
201448.jpg,ADT45
201449.jpg,ADT45
201450.jpg,ADT45
201451.jpg,ADT45
201452.jpg,ADT45
201453.jpg,ADT45
201454.jpg,ADT45
201455.jpg,Onthanel
201456.jpg,ADT45
201457.jpg,KarnatakaPonni
201458.jpg,ADT45
201459.jpg,Ponni
201460.jpg,KarnatakaPonni
201461.jpg,AndraPonni
201462.jpg,KarnatakaPonni
201463.jpg,AtchayaPonni
201464.jpg,ADT45
201465.jpg,AndraPonni
201466.jpg,ADT45
201467.jpg,Zonal
201468.jpg,ADT45
201469.jpg,ADT45
201470.jpg,ADT45
201471.jpg,ADT45
201472.jpg,ADT45
201473.jpg,ADT45
201474.jpg,AndraPonni
201475.jpg,ADT45
201476.jpg,KarnatakaPonni
201477.jpg,ADT45
201478.jpg,ADT45
201479.jpg,ADT45
201480.jpg,KarnatakaPonni
201481.jpg,KarnatakaPonni
201482.jpg,KarnatakaPonni
201483.jpg,Zonal
201484.jpg,ADT45
201485.jpg,ADT45
201486.jpg,ADT45
201487.jpg,ADT45
201488.jpg,ADT45
201489.jpg,ADT45
201490.jpg,ADT45
201491.jpg,ADT45
201492.jpg,ADT45
201493.jpg,ADT45
201494.jpg,ADT45
201495.jpg,KarnatakaPonni
201496.jpg,ADT45
201497.jpg,ADT45
201498.jpg,AtchayaPonni
201499.jpg,ADT45
201500.jpg,Surya
201501.jpg,ADT45
201502.jpg,ADT45
201503.jpg,AndraPonni
201504.jpg,ADT45
201505.jpg,Ponni
201506.jpg,ADT45
201507.jpg,ADT45
201508.jpg,Ponni
201509.jpg,Ponni
201510.jpg,KarnatakaPonni
201511.jpg,ADT45
201512.jpg,ADT45
201513.jpg,ADT45
201514.jpg,ADT45
201515.jpg,ADT45
201516.jpg,AndraPonni
201517.jpg,ADT45
201518.jpg,ADT45
201519.jpg,AtchayaPonni
201520.jpg,Zonal
201521.jpg,ADT45
201522.jpg,Onthanel
201523.jpg,ADT45
201524.jpg,ADT45
201525.jpg,ADT45
201526.jpg,ADT45
201527.jpg,ADT45
201528.jpg,ADT45
201529.jpg,KarnatakaPonni
201530.jpg,Ponni
201531.jpg,AtchayaPonni
201532.jpg,ADT45
201533.jpg,Ponni
201534.jpg,Zonal
201535.jpg,KarnatakaPonni
201536.jpg,AndraPonni
201537.jpg,ADT45
201538.jpg,ADT45
201539.jpg,ADT45
201540.jpg,ADT45
201541.jpg,ADT45
201542.jpg,ADT45
201543.jpg,Ponni
201544.jpg,AndraPonni
201545.jpg,ADT45
201546.jpg,KarnatakaPonni
201547.jpg,ADT45
201548.jpg,ADT45
201549.jpg,ADT45
201550.jpg,ADT45
201551.jpg,KarnatakaPonni
201552.jpg,ADT45
201553.jpg,KarnatakaPonni
201554.jpg,Zonal
201555.jpg,AndraPonni
201556.jpg,ADT45
201557.jpg,ADT45
201558.jpg,ADT45
201559.jpg,ADT45
201560.jpg,ADT45
201561.jpg,ADT45
201562.jpg,ADT45
201563.jpg,ADT45
201564.jpg,ADT45
201565.jpg,ADT45
201566.jpg,Onthanel
201567.jpg,ADT45
201568.jpg,AtchayaPonni
201569.jpg,AtchayaPonni
201570.jpg,ADT45
201571.jpg,ADT45
201572.jpg,ADT45
201573.jpg,Ponni
201574.jpg,Zonal
201575.jpg,ADT45
201576.jpg,ADT45
201577.jpg,Ponni
201578.jpg,ADT45
201579.jpg,ADT45
201580.jpg,ADT45
201581.jpg,ADT45
201582.jpg,ADT45
201583.jpg,ADT45
201584.jpg,ADT45
201585.jpg,ADT45
201586.jpg,ADT45
201587.jpg,ADT45
201588.jpg,Ponni
201589.jpg,ADT45
201590.jpg,ADT45
201591.jpg,ADT45
201592.jpg,ADT45
201593.jpg,ADT45
201594.jpg,KarnatakaPonni
201595.jpg,ADT45
201596.jpg,Ponni
201597.jpg,ADT45
201598.jpg,ADT45
201599.jpg,AndraPonni
201600.jpg,ADT45
201601.jpg,ADT45
201602.jpg,ADT45
201603.jpg,KarnatakaPonni
201604.jpg,AndraPonni
201605.jpg,ADT45
201606.jpg,KarnatakaPonni
201607.jpg,KarnatakaPonni
201608.jpg,ADT45
201609.jpg,ADT45
201610.jpg,Zonal
201611.jpg,ADT45
201612.jpg,ADT45
201613.jpg,ADT45
201614.jpg,AtchayaPonni
201615.jpg,ADT45
201616.jpg,Onthanel
201617.jpg,ADT45
201618.jpg,KarnatakaPonni
201619.jpg,Ponni
201620.jpg,KarnatakaPonni
201621.jpg,Onthanel
201622.jpg,AtchayaPonni
201623.jpg,ADT45
201624.jpg,Ponni
201625.jpg,AndraPonni
201626.jpg,ADT45
201627.jpg,ADT45
201628.jpg,ADT45
201629.jpg,ADT45
201630.jpg,ADT45
201631.jpg,Onthanel
201632.jpg,AtchayaPonni
201633.jpg,Onthanel
201634.jpg,ADT45
201635.jpg,ADT45
201636.jpg,KarnatakaPonni
201637.jpg,AtchayaPonni
201638.jpg,ADT45
201639.jpg,ADT45
201640.jpg,Zonal
201641.jpg,ADT45
201642.jpg,ADT45
201643.jpg,AtchayaPonni
201644.jpg,ADT45
201645.jpg,ADT45
201646.jpg,ADT45
201647.jpg,ADT45
201648.jpg,ADT45
201649.jpg,AtchayaPonni
201650.jpg,ADT45
201651.jpg,ADT45
201652.jpg,Zonal
201653.jpg,ADT45
201654.jpg,ADT45
201655.jpg,Ponni
201656.jpg,Onthanel
201657.jpg,ADT45
201658.jpg,Ponni
201659.jpg,ADT45
201660.jpg,ADT45
201661.jpg,KarnatakaPonni
201662.jpg,ADT45
201663.jpg,ADT45
201664.jpg,ADT45
201665.jpg,ADT45
201666.jpg,ADT45
201667.jpg,ADT45
201668.jpg,ADT45
201669.jpg,ADT45
201670.jpg,ADT45
201671.jpg,ADT45
201672.jpg,ADT45
201673.jpg,AndraPonni
201674.jpg,ADT45
201675.jpg,AtchayaPonni
201676.jpg,ADT45
201677.jpg,ADT45
201678.jpg,ADT45
201679.jpg,ADT45
201680.jpg,ADT45
201681.jpg,ADT45
201682.jpg,ADT45
201683.jpg,ADT45
201684.jpg,ADT45
201685.jpg,ADT45
201686.jpg,KarnatakaPonni
201687.jpg,Onthanel
201688.jpg,ADT45
201689.jpg,Ponni
201690.jpg,ADT45
201691.jpg,ADT45
201692.jpg,ADT45
201693.jpg,ADT45
201694.jpg,ADT45
201695.jpg,ADT45
201696.jpg,ADT45
201697.jpg,ADT45
201698.jpg,ADT45
201699.jpg,ADT45
201700.jpg,ADT45
201701.jpg,ADT45
201702.jpg,Zonal
201703.jpg,ADT45
201704.jpg,AtchayaPonni
201705.jpg,Zonal
201706.jpg,ADT45
201707.jpg,IR20
201708.jpg,ADT45
201709.jpg,RR
201710.jpg,ADT45
201711.jpg,ADT45
201712.jpg,ADT45
201713.jpg,ADT45
201714.jpg,ADT45
201715.jpg,ADT45
201716.jpg,ADT45
201717.jpg,Onthanel
201718.jpg,ADT45
201719.jpg,ADT45
201720.jpg,Ponni
201721.jpg,RR
201722.jpg,KarnatakaPonni
201723.jpg,ADT45
201724.jpg,ADT45
201725.jpg,Ponni
201726.jpg,ADT45
201727.jpg,AtchayaPonni
201728.jpg,ADT45
201729.jpg,ADT45
201730.jpg,AtchayaPonni
201731.jpg,AndraPonni
201732.jpg,AtchayaPonni
201733.jpg,ADT45
201734.jpg,KarnatakaPonni
201735.jpg,ADT45
201736.jpg,ADT45
201737.jpg,ADT45
201738.jpg,ADT45
201739.jpg,ADT45
201740.jpg,ADT45
201741.jpg,ADT45
201742.jpg,ADT45
201743.jpg,Zonal
201744.jpg,ADT45
201745.jpg,ADT45
201746.jpg,AndraPonni
201747.jpg,Onthanel
201748.jpg,ADT45
201749.jpg,ADT45
201750.jpg,ADT45
201751.jpg,ADT45
201752.jpg,ADT45
201753.jpg,ADT45
201754.jpg,ADT45
201755.jpg,Surya
201756.jpg,ADT45
201757.jpg,ADT45
201758.jpg,Onthanel
201759.jpg,ADT45
201760.jpg,Zonal
201761.jpg,KarnatakaPonni
201762.jpg,ADT45
201763.jpg,ADT45
201764.jpg,ADT45
201765.jpg,ADT45
201766.jpg,KarnatakaPonni
201767.jpg,ADT45
201768.jpg,Onthanel
201769.jpg,ADT45
201770.jpg,RR
201771.jpg,ADT45
201772.jpg,ADT45
201773.jpg,ADT45
201774.jpg,ADT45
201775.jpg,ADT45
201776.jpg,ADT45
201777.jpg,Onthanel
201778.jpg,ADT45
201779.jpg,ADT45
201780.jpg,ADT45
201781.jpg,KarnatakaPonni
201782.jpg,ADT45
201783.jpg,ADT45
201784.jpg,ADT45
201785.jpg,ADT45
201786.jpg,KarnatakaPonni
201787.jpg,ADT45
201788.jpg,KarnatakaPonni
201789.jpg,KarnatakaPonni
201790.jpg,ADT45
201791.jpg,ADT45
201792.jpg,ADT45
201793.jpg,ADT45
201794.jpg,ADT45
201795.jpg,ADT45
201796.jpg,ADT45
201797.jpg,ADT45
201798.jpg,ADT45
201799.jpg,ADT45
201800.jpg,ADT45
201801.jpg,ADT45
201802.jpg,ADT45
201803.jpg,ADT45
201804.jpg,ADT45
201805.jpg,AtchayaPonni
201806.jpg,ADT45
201807.jpg,ADT45
201808.jpg,ADT45
201809.jpg,AndraPonni
201810.jpg,ADT45
201811.jpg,ADT45
201812.jpg,ADT45
201813.jpg,ADT45
201814.jpg,Onthanel
201815.jpg,ADT45
201816.jpg,Zonal
201817.jpg,ADT45
201818.jpg,Ponni
201819.jpg,Ponni
201820.jpg,KarnatakaPonni
201821.jpg,ADT45
201822.jpg,ADT45
201823.jpg,ADT45
201824.jpg,IR20
201825.jpg,AtchayaPonni
201826.jpg,ADT45
201827.jpg,ADT45
201828.jpg,Ponni
201829.jpg,KarnatakaPonni
201830.jpg,ADT45
201831.jpg,ADT45
201832.jpg,ADT45
201833.jpg,ADT45
201834.jpg,ADT45
201835.jpg,ADT45
201836.jpg,ADT45
201837.jpg,ADT45
201838.jpg,ADT45
201839.jpg,ADT45
201840.jpg,ADT45
201841.jpg,AndraPonni
201842.jpg,ADT45
201843.jpg,AtchayaPonni
201844.jpg,ADT45
201845.jpg,AtchayaPonni
201846.jpg,ADT45
201847.jpg,KarnatakaPonni
201848.jpg,ADT45
201849.jpg,ADT45
201850.jpg,ADT45
201851.jpg,ADT45
201852.jpg,ADT45
201853.jpg,KarnatakaPonni
201854.jpg,ADT45
201855.jpg,ADT45
201856.jpg,ADT45
201857.jpg,ADT45
201858.jpg,ADT45
201859.jpg,ADT45
201860.jpg,AtchayaPonni
201861.jpg,ADT45
201862.jpg,ADT45
201863.jpg,ADT45
201864.jpg,ADT45
201865.jpg,ADT45
201866.jpg,ADT45
201867.jpg,AtchayaPonni
201868.jpg,ADT45
201869.jpg,ADT45
201870.jpg,ADT45
201871.jpg,ADT45
201872.jpg,ADT45
201873.jpg,ADT45
201874.jpg,ADT45
201875.jpg,ADT45
201876.jpg,KarnatakaPonni
201877.jpg,ADT45
201878.jpg,ADT45
201879.jpg,Onthanel
201880.jpg,ADT45
201881.jpg,KarnatakaPonni
201882.jpg,AndraPonni
201883.jpg,ADT45
201884.jpg,ADT45
201885.jpg,KarnatakaPonni
201886.jpg,ADT45
201887.jpg,Ponni
201888.jpg,ADT45
201889.jpg,Onthanel
201890.jpg,Zonal
201891.jpg,AtchayaPonni
201892.jpg,ADT45
201893.jpg,ADT45
201894.jpg,Ponni
201895.jpg,ADT45
201896.jpg,ADT45
201897.jpg,ADT45
201898.jpg,ADT45
201899.jpg,Zonal
201900.jpg,ADT45
201901.jpg,ADT45
201902.jpg,AndraPonni
201903.jpg,ADT45
201904.jpg,ADT45
201905.jpg,ADT45
201906.jpg,ADT45
201907.jpg,Onthanel
201908.jpg,Zonal
201909.jpg,ADT45
201910.jpg,ADT45
201911.jpg,AndraPonni
201912.jpg,ADT45
201913.jpg,ADT45
201914.jpg,ADT45
201915.jpg,KarnatakaPonni
201916.jpg,ADT45
201917.jpg,ADT45
201918.jpg,AndraPonni
201919.jpg,ADT45
201920.jpg,ADT45
201921.jpg,Onthanel
201922.jpg,Zonal
201923.jpg,ADT45
201924.jpg,RR
201925.jpg,ADT45
201926.jpg,Zonal
201927.jpg,Zonal
201928.jpg,ADT45
201929.jpg,AtchayaPonni
201930.jpg,ADT45
201931.jpg,ADT45
201932.jpg,ADT45
201933.jpg,Zonal
201934.jpg,ADT45
201935.jpg,ADT45
201936.jpg,ADT45
201937.jpg,ADT45
201938.jpg,AndraPonni
201939.jpg,KarnatakaPonni
201940.jpg,ADT45
201941.jpg,ADT45
201942.jpg,ADT45
201943.jpg,ADT45
201944.jpg,Zonal
201945.jpg,ADT45
201946.jpg,KarnatakaPonni
201947.jpg,ADT45
201948.jpg,Onthanel
201949.jpg,ADT45
201950.jpg,ADT45
201951.jpg,ADT45
201952.jpg,Ponni
201953.jpg,ADT45
201954.jpg,ADT45
201955.jpg,IR20
201956.jpg,ADT45
201957.jpg,ADT45
201958.jpg,ADT45
201959.jpg,ADT45
201960.jpg,Onthanel
201961.jpg,ADT45
201962.jpg,ADT45
201963.jpg,IR20
201964.jpg,Ponni
201965.jpg,KarnatakaPonni
201966.jpg,ADT45
201967.jpg,Zonal
201968.jpg,ADT45
201969.jpg,ADT45
201970.jpg,ADT45
201971.jpg,ADT45
201972.jpg,ADT45
201973.jpg,AtchayaPonni
201974.jpg,AndraPonni
201975.jpg,KarnatakaPonni
201976.jpg,ADT45
201977.jpg,Onthanel
201978.jpg,ADT45
201979.jpg,ADT45
201980.jpg,KarnatakaPonni
201981.jpg,ADT45
201982.jpg,ADT45
201983.jpg,ADT45
201984.jpg,ADT45
201985.jpg,ADT45
201986.jpg,ADT45
201987.jpg,IR20
201988.jpg,AtchayaPonni
201989.jpg,Ponni
201990.jpg,ADT45
201991.jpg,ADT45
201992.jpg,ADT45
201993.jpg,ADT45
201994.jpg,AndraPonni
201995.jpg,ADT45
201996.jpg,ADT45
201997.jpg,ADT45
201998.jpg,ADT45
201999.jpg,ADT45
202000.jpg,Zonal
202001.jpg,ADT45
202002.jpg,Ponni
202003.jpg,Ponni
202004.jpg,KarnatakaPonni
202005.jpg,ADT45
202006.jpg,ADT45
202007.jpg,ADT45
202008.jpg,Onthanel
202009.jpg,ADT45
202010.jpg,Ponni
202011.jpg,ADT45
202012.jpg,ADT45
202013.jpg,ADT45
202014.jpg,ADT45
202015.jpg,ADT45
202016.jpg,ADT45
202017.jpg,ADT45
202018.jpg,KarnatakaPonni
202019.jpg,Ponni
202020.jpg,KarnatakaPonni
202021.jpg,ADT45
202022.jpg,ADT45
202023.jpg,Ponni
202024.jpg,ADT45
202025.jpg,KarnatakaPonni
202026.jpg,ADT45
202027.jpg,ADT45
202028.jpg,AndraPonni
202029.jpg,ADT45
202030.jpg,KarnatakaPonni
202031.jpg,ADT45
202032.jpg,Ponni
202033.jpg,ADT45
202034.jpg,ADT45
202035.jpg,ADT45
202036.jpg,ADT45
202037.jpg,ADT45
202038.jpg,ADT45
202039.jpg,KarnatakaPonni
202040.jpg,ADT45
202041.jpg,ADT45
202042.jpg,Onthanel
202043.jpg,ADT45
202044.jpg,Ponni
202045.jpg,ADT45
202046.jpg,ADT45
202047.jpg,ADT45
202048.jpg,ADT45
202049.jpg,AtchayaPonni
202050.jpg,ADT45
202051.jpg,ADT45
202052.jpg,KarnatakaPonni
202053.jpg,ADT45
202054.jpg,Ponni
202055.jpg,ADT45
202056.jpg,ADT45
202057.jpg,KarnatakaPonni
202058.jpg,ADT45
202059.jpg,ADT45
202060.jpg,ADT45
202061.jpg,ADT45
202062.jpg,Onthanel
202063.jpg,KarnatakaPonni
202064.jpg,ADT45
202065.jpg,ADT45
202066.jpg,ADT45
202067.jpg,ADT45
202068.jpg,ADT45
202069.jpg,ADT45
202070.jpg,ADT45
202071.jpg,Zonal
202072.jpg,ADT45
202073.jpg,Ponni
202074.jpg,ADT45
202075.jpg,ADT45
202076.jpg,Ponni
202077.jpg,AtchayaPonni
202078.jpg,ADT45
202079.jpg,ADT45
202080.jpg,KarnatakaPonni
202081.jpg,ADT45
202082.jpg,ADT45
202083.jpg,KarnatakaPonni
202084.jpg,ADT45
202085.jpg,Ponni
202086.jpg,ADT45
202087.jpg,AndraPonni
202088.jpg,Ponni
202089.jpg,ADT45
202090.jpg,ADT45
202091.jpg,Ponni
202092.jpg,ADT45
202093.jpg,ADT45
202094.jpg,ADT45
202095.jpg,ADT45
202096.jpg,ADT45
202097.jpg,Ponni
202098.jpg,ADT45
202099.jpg,ADT45
202100.jpg,ADT45
202101.jpg,ADT45
202102.jpg,ADT45
202103.jpg,ADT45
202104.jpg,ADT45
202105.jpg,ADT45
202106.jpg,ADT45
202107.jpg,ADT45
202108.jpg,ADT45
202109.jpg,ADT45
202110.jpg,ADT45
202111.jpg,Ponni
202112.jpg,IR20
202113.jpg,Zonal
202114.jpg,ADT45
202115.jpg,ADT45
202116.jpg,Onthanel
202117.jpg,Ponni
202118.jpg,Ponni
202119.jpg,ADT45
202120.jpg,ADT45
202121.jpg,AtchayaPonni
202122.jpg,ADT45
202123.jpg,Ponni
202124.jpg,ADT45
202125.jpg,ADT45
202126.jpg,ADT45
202127.jpg,ADT45
202128.jpg,ADT45
202129.jpg,ADT45
202130.jpg,ADT45
202131.jpg,IR20
202132.jpg,KarnatakaPonni
202133.jpg,AtchayaPonni
202134.jpg,ADT45
202135.jpg,ADT45
202136.jpg,ADT45
202137.jpg,ADT45
202138.jpg,AtchayaPonni
202139.jpg,ADT45
202140.jpg,ADT45
202141.jpg,ADT45
202142.jpg,ADT45
202143.jpg,ADT45
202144.jpg,KarnatakaPonni
202145.jpg,ADT45
202146.jpg,ADT45
202147.jpg,ADT45
202148.jpg,ADT45
202149.jpg,ADT45
202150.jpg,Ponni
202151.jpg,ADT45
202152.jpg,ADT45
202153.jpg,Onthanel
202154.jpg,AndraPonni
202155.jpg,ADT45
202156.jpg,Zonal
202157.jpg,ADT45
202158.jpg,AtchayaPonni
202159.jpg,ADT45
202160.jpg,ADT45
202161.jpg,AndraPonni
202162.jpg,KarnatakaPonni
202163.jpg,ADT45
202164.jpg,Zonal
202165.jpg,ADT45
202166.jpg,ADT45
202167.jpg,ADT45
202168.jpg,ADT45
202169.jpg,ADT45
202170.jpg,ADT45
202171.jpg,Ponni
202172.jpg,ADT45
202173.jpg,Ponni
202174.jpg,Ponni
202175.jpg,KarnatakaPonni
202176.jpg,KarnatakaPonni
202177.jpg,ADT45
202178.jpg,ADT45
202179.jpg,ADT45
202180.jpg,ADT45
202181.jpg,ADT45
202182.jpg,AndraPonni
202183.jpg,ADT45
202184.jpg,Zonal
202185.jpg,ADT45
202186.jpg,Ponni
202187.jpg,ADT45
202188.jpg,Ponni
202189.jpg,AndraPonni
202190.jpg,ADT45
202191.jpg,KarnatakaPonni
202192.jpg,RR
202193.jpg,ADT45
202194.jpg,ADT45
202195.jpg,ADT45
202196.jpg,ADT45
202197.jpg,ADT45
202198.jpg,KarnatakaPonni
202199.jpg,Ponni
202200.jpg,ADT45
202201.jpg,ADT45
202202.jpg,ADT45
202203.jpg,ADT45
202204.jpg,ADT45
202205.jpg,KarnatakaPonni
202206.jpg,KarnatakaPonni
202207.jpg,ADT45
202208.jpg,ADT45
202209.jpg,ADT45
202210.jpg,Ponni
202211.jpg,Ponni
202212.jpg,ADT45
202213.jpg,KarnatakaPonni
202214.jpg,Onthanel
202215.jpg,AtchayaPonni
202216.jpg,ADT45
202217.jpg,ADT45
202218.jpg,ADT45
202219.jpg,ADT45
202220.jpg,ADT45
202221.jpg,Onthanel
202222.jpg,KarnatakaPonni
202223.jpg,ADT45
202224.jpg,ADT45
202225.jpg,KarnatakaPonni
202226.jpg,ADT45
202227.jpg,ADT45
202228.jpg,ADT45
202229.jpg,ADT45
202230.jpg,ADT45
202231.jpg,KarnatakaPonni
202232.jpg,ADT45
202233.jpg,ADT45
202234.jpg,ADT45
202235.jpg,KarnatakaPonni
202236.jpg,ADT45
202237.jpg,Zonal
202238.jpg,KarnatakaPonni
202239.jpg,ADT45
202240.jpg,ADT45
202241.jpg,ADT45
202242.jpg,ADT45
202243.jpg,ADT45
202244.jpg,KarnatakaPonni
202245.jpg,Zonal
202246.jpg,KarnatakaPonni
202247.jpg,ADT45
202248.jpg,ADT45
202249.jpg,ADT45
202250.jpg,KarnatakaPonni
202251.jpg,KarnatakaPonni
202252.jpg,ADT45
202253.jpg,KarnatakaPonni
202254.jpg,Ponni
202255.jpg,ADT45
202256.jpg,ADT45
202257.jpg,ADT45
202258.jpg,ADT45
202259.jpg,ADT45
202260.jpg,Zonal
202261.jpg,ADT45
202262.jpg,Ponni
202263.jpg,Ponni
202264.jpg,AtchayaPonni
202265.jpg,ADT45
202266.jpg,AndraPonni
202267.jpg,Zonal
202268.jpg,IR20
202269.jpg,ADT45
202270.jpg,Ponni
202271.jpg,ADT45
202272.jpg,ADT45
202273.jpg,Ponni
202274.jpg,Onthanel
202275.jpg,KarnatakaPonni
202276.jpg,ADT45
202277.jpg,ADT45
202278.jpg,ADT45
202279.jpg,ADT45
202280.jpg,ADT45
202281.jpg,AndraPonni
202282.jpg,ADT45
202283.jpg,ADT45
202284.jpg,Ponni
202285.jpg,ADT45
202286.jpg,ADT45
202287.jpg,ADT45
202288.jpg,ADT45
202289.jpg,ADT45
202290.jpg,Ponni
202291.jpg,ADT45
202292.jpg,ADT45
202293.jpg,ADT45
202294.jpg,ADT45
202295.jpg,ADT45
202296.jpg,AtchayaPonni
202297.jpg,ADT45
202298.jpg,ADT45
202299.jpg,ADT45
202300.jpg,ADT45
202301.jpg,AndraPonni
202302.jpg,ADT45
202303.jpg,ADT45
202304.jpg,AtchayaPonni
202305.jpg,IR20
202306.jpg,Ponni
202307.jpg,Onthanel
202308.jpg,Onthanel
202309.jpg,Zonal
202310.jpg,Ponni
202311.jpg,Ponni
202312.jpg,ADT45
202313.jpg,ADT45
202314.jpg,ADT45
202315.jpg,ADT45
202316.jpg,ADT45
202317.jpg,ADT45
202318.jpg,ADT45
202319.jpg,ADT45
202320.jpg,ADT45
202321.jpg,Onthanel
202322.jpg,ADT45
202323.jpg,ADT45
202324.jpg,ADT45
202325.jpg,ADT45
202326.jpg,ADT45
202327.jpg,ADT45
202328.jpg,ADT45
202329.jpg,Ponni
202330.jpg,ADT45
202331.jpg,ADT45
202332.jpg,ADT45
202333.jpg,ADT45
202334.jpg,Ponni
202335.jpg,ADT45
202336.jpg,AtchayaPonni
202337.jpg,ADT45
202338.jpg,KarnatakaPonni
202339.jpg,ADT45
202340.jpg,AndraPonni
202341.jpg,Onthanel
202342.jpg,ADT45
202343.jpg,ADT45
202344.jpg,ADT45
202345.jpg,ADT45
202346.jpg,ADT45
202347.jpg,AtchayaPonni
202348.jpg,ADT45
202349.jpg,ADT45
202350.jpg,ADT45
202351.jpg,Surya
202352.jpg,AtchayaPonni
202353.jpg,ADT45
202354.jpg,KarnatakaPonni
202355.jpg,Ponni
202356.jpg,Ponni
202357.jpg,ADT45
202358.jpg,ADT45
202359.jpg,AndraPonni
202360.jpg,Zonal
202361.jpg,ADT45
202362.jpg,ADT45
202363.jpg,ADT45
202364.jpg,ADT45
202365.jpg,ADT45
202366.jpg,ADT45
202367.jpg,Onthanel
202368.jpg,KarnatakaPonni
202369.jpg,ADT45
202370.jpg,ADT45
202371.jpg,ADT45
202372.jpg,ADT45
202373.jpg,ADT45
202374.jpg,Onthanel
202375.jpg,ADT45
202376.jpg,Ponni
202377.jpg,KarnatakaPonni
202378.jpg,ADT45
202379.jpg,ADT45
202380.jpg,Ponni
202381.jpg,ADT45
202382.jpg,Onthanel
202383.jpg,AtchayaPonni
202384.jpg,Ponni
202385.jpg,ADT45
202386.jpg,ADT45
202387.jpg,ADT45
202388.jpg,ADT45
202389.jpg,Onthanel
202390.jpg,AndraPonni
202391.jpg,ADT45
202392.jpg,Zonal
202393.jpg,ADT45
202394.jpg,ADT45
202395.jpg,Zonal
202396.jpg,ADT45
202397.jpg,ADT45
202398.jpg,ADT45
202399.jpg,ADT45
202400.jpg,KarnatakaPonni
202401.jpg,Zonal
202402.jpg,ADT45
202403.jpg,KarnatakaPonni
202404.jpg,Zonal
202405.jpg,ADT45
202406.jpg,ADT45
202407.jpg,ADT45
202408.jpg,ADT45
202409.jpg,ADT45
202410.jpg,ADT45
202411.jpg,KarnatakaPonni
202412.jpg,ADT45
202413.jpg,KarnatakaPonni
202414.jpg,ADT45
202415.jpg,ADT45
202416.jpg,ADT45
202417.jpg,ADT45
202418.jpg,Ponni
202419.jpg,Onthanel
202420.jpg,ADT45
202421.jpg,Zonal
202422.jpg,ADT45
202423.jpg,ADT45
202424.jpg,ADT45
202425.jpg,KarnatakaPonni
202426.jpg,ADT45
202427.jpg,ADT45
202428.jpg,KarnatakaPonni
202429.jpg,ADT45
202430.jpg,ADT45
202431.jpg,Ponni
202432.jpg,IR20
202433.jpg,ADT45
202434.jpg,ADT45
202435.jpg,ADT45
202436.jpg,ADT45
202437.jpg,ADT45
202438.jpg,ADT45
202439.jpg,ADT45
202440.jpg,ADT45
202441.jpg,KarnatakaPonni
202442.jpg,ADT45
202443.jpg,Ponni
202444.jpg,ADT45
202445.jpg,ADT45
202446.jpg,Onthanel
202447.jpg,Onthanel
202448.jpg,ADT45
202449.jpg,ADT45
202450.jpg,ADT45
202451.jpg,Ponni
202452.jpg,ADT45
202453.jpg,ADT45
202454.jpg,ADT45
202455.jpg,ADT45
202456.jpg,ADT45
202457.jpg,Onthanel
202458.jpg,ADT45
202459.jpg,IR20
202460.jpg,KarnatakaPonni
202461.jpg,Ponni
202462.jpg,ADT45
202463.jpg,ADT45
202464.jpg,ADT45
202465.jpg,ADT45
202466.jpg,AndraPonni
202467.jpg,KarnatakaPonni
202468.jpg,ADT45
202469.jpg,ADT45
202470.jpg,AndraPonni
202471.jpg,ADT45
202472.jpg,ADT45
202473.jpg,ADT45
202474.jpg,ADT45
202475.jpg,ADT45
202476.jpg,ADT45
202477.jpg,ADT45
202478.jpg,Ponni
202479.jpg,ADT45
202480.jpg,AndraPonni
202481.jpg,ADT45
202482.jpg,ADT45
202483.jpg,ADT45
202484.jpg,ADT45
202485.jpg,ADT45
202486.jpg,Ponni
202487.jpg,ADT45
202488.jpg,Ponni
202489.jpg,ADT45
202490.jpg,ADT45
202491.jpg,ADT45
202492.jpg,ADT45
202493.jpg,ADT45
202494.jpg,ADT45
202495.jpg,ADT45
202496.jpg,KarnatakaPonni
202497.jpg,KarnatakaPonni
202498.jpg,ADT45
202499.jpg,ADT45
202500.jpg,AtchayaPonni
202501.jpg,ADT45
202502.jpg,ADT45
202503.jpg,ADT45
202504.jpg,ADT45
202505.jpg,ADT45
202506.jpg,ADT45
202507.jpg,ADT45
202508.jpg,Zonal
202509.jpg,ADT45
202510.jpg,AtchayaPonni
202511.jpg,AtchayaPonni
202512.jpg,Ponni
202513.jpg,ADT45
202514.jpg,ADT45
202515.jpg,ADT45
202516.jpg,ADT45
202517.jpg,ADT45
202518.jpg,ADT45
202519.jpg,ADT45
202520.jpg,ADT45
202521.jpg,ADT45
202522.jpg,AndraPonni
202523.jpg,ADT45
202524.jpg,ADT45
202525.jpg,ADT45
202526.jpg,AtchayaPonni
202527.jpg,ADT45
202528.jpg,ADT45
202529.jpg,ADT45
202530.jpg,ADT45
202531.jpg,AtchayaPonni
202532.jpg,ADT45
202533.jpg,ADT45
202534.jpg,AndraPonni
202535.jpg,ADT45
202536.jpg,ADT45
202537.jpg,KarnatakaPonni
202538.jpg,ADT45
202539.jpg,Zonal
202540.jpg,ADT45
202541.jpg,Zonal
202542.jpg,ADT45
202543.jpg,ADT45
202544.jpg,ADT45
202545.jpg,ADT45
202546.jpg,ADT45
202547.jpg,AndraPonni
202548.jpg,ADT45
202549.jpg,ADT45
202550.jpg,ADT45
202551.jpg,ADT45
202552.jpg,ADT45
202553.jpg,ADT45
202554.jpg,ADT45
202555.jpg,KarnatakaPonni
202556.jpg,ADT45
202557.jpg,ADT45
202558.jpg,AndraPonni
202559.jpg,ADT45
202560.jpg,ADT45
202561.jpg,ADT45
202562.jpg,AndraPonni
202563.jpg,AtchayaPonni
202564.jpg,ADT45
202565.jpg,ADT45
202566.jpg,ADT45
202567.jpg,Ponni
202568.jpg,ADT45
202569.jpg,ADT45
202570.jpg,ADT45
202571.jpg,KarnatakaPonni
202572.jpg,ADT45
202573.jpg,KarnatakaPonni
202574.jpg,ADT45
202575.jpg,ADT45
202576.jpg,ADT45
202577.jpg,ADT45
202578.jpg,ADT45
202579.jpg,ADT45
202580.jpg,Ponni
202581.jpg,ADT45
202582.jpg,ADT45
202583.jpg,ADT45
202584.jpg,KarnatakaPonni
202585.jpg,ADT45
202586.jpg,ADT45
202587.jpg,KarnatakaPonni
202588.jpg,KarnatakaPonni
202589.jpg,Onthanel
202590.jpg,ADT45
202591.jpg,ADT45
202592.jpg,ADT45
202593.jpg,ADT45
202594.jpg,ADT45
202595.jpg,AndraPonni
202596.jpg,ADT45
202597.jpg,ADT45
202598.jpg,ADT45
202599.jpg,AtchayaPonni
202600.jpg,ADT45
202601.jpg,ADT45
202602.jpg,ADT45
202603.jpg,ADT45
202604.jpg,Zonal
202605.jpg,Onthanel
202606.jpg,ADT45
202607.jpg,ADT45
202608.jpg,AtchayaPonni
202609.jpg,AtchayaPonni
202610.jpg,ADT45
202611.jpg,AndraPonni
202612.jpg,ADT45
202613.jpg,RR
202614.jpg,KarnatakaPonni
202615.jpg,ADT45
202616.jpg,ADT45
202617.jpg,ADT45
202618.jpg,ADT45
202619.jpg,ADT45
202620.jpg,ADT45
202621.jpg,ADT45
202622.jpg,ADT45
202623.jpg,ADT45
202624.jpg,ADT45
202625.jpg,AtchayaPonni
202626.jpg,ADT45
202627.jpg,ADT45
202628.jpg,ADT45
202629.jpg,ADT45
202630.jpg,ADT45
202631.jpg,AndraPonni
202632.jpg,ADT45
202633.jpg,ADT45
202634.jpg,ADT45
202635.jpg,ADT45
202636.jpg,AndraPonni
202637.jpg,ADT45
202638.jpg,ADT45
202639.jpg,ADT45
202640.jpg,ADT45
202641.jpg,Zonal
202642.jpg,Zonal
202643.jpg,Ponni
202644.jpg,AndraPonni
202645.jpg,ADT45
202646.jpg,ADT45
202647.jpg,AndraPonni
202648.jpg,ADT45
202649.jpg,Ponni
202650.jpg,ADT45
202651.jpg,RR
202652.jpg,ADT45
202653.jpg,ADT45
202654.jpg,ADT45
202655.jpg,ADT45
202656.jpg,KarnatakaPonni
202657.jpg,ADT45
202658.jpg,ADT45
202659.jpg,ADT45
202660.jpg,ADT45
202661.jpg,ADT45
202662.jpg,ADT45
202663.jpg,ADT45
202664.jpg,KarnatakaPonni
202665.jpg,ADT45
202666.jpg,RR
202667.jpg,ADT45
202668.jpg,Zonal
202669.jpg,Surya
202670.jpg,KarnatakaPonni
202671.jpg,AndraPonni
202672.jpg,ADT45
202673.jpg,ADT45
202674.jpg,ADT45
202675.jpg,ADT45
202676.jpg,ADT45
202677.jpg,ADT45
202678.jpg,KarnatakaPonni
202679.jpg,ADT45
202680.jpg,ADT45
202681.jpg,ADT45
202682.jpg,ADT45
202683.jpg,AndraPonni
202684.jpg,ADT45
202685.jpg,ADT45
202686.jpg,AtchayaPonni
202687.jpg,ADT45
202688.jpg,ADT45
202689.jpg,ADT45
202690.jpg,AtchayaPonni
202691.jpg,ADT45
202692.jpg,ADT45
202693.jpg,ADT45
202694.jpg,AndraPonni
202695.jpg,ADT45
202696.jpg,AtchayaPonni
202697.jpg,KarnatakaPonni
202698.jpg,ADT45
202699.jpg,Ponni
202700.jpg,ADT45
202701.jpg,ADT45
202702.jpg,ADT45
202703.jpg,ADT45
202704.jpg,Zonal
202705.jpg,ADT45
202706.jpg,ADT45
202707.jpg,ADT45
202708.jpg,ADT45
202709.jpg,ADT45
202710.jpg,KarnatakaPonni
202711.jpg,Onthanel
202712.jpg,ADT45
202713.jpg,KarnatakaPonni
202714.jpg,ADT45
202715.jpg,ADT45
202716.jpg,ADT45
202717.jpg,ADT45
202718.jpg,Onthanel
202719.jpg,ADT45
202720.jpg,AndraPonni
202721.jpg,ADT45
202722.jpg,ADT45
202723.jpg,ADT45
202724.jpg,ADT45
202725.jpg,AtchayaPonni
202726.jpg,AtchayaPonni
202727.jpg,Ponni
202728.jpg,ADT45
202729.jpg,ADT45
202730.jpg,ADT45
202731.jpg,ADT45
202732.jpg,ADT45
202733.jpg,ADT45
202734.jpg,ADT45
202735.jpg,KarnatakaPonni
202736.jpg,KarnatakaPonni
202737.jpg,ADT45
202738.jpg,KarnatakaPonni
202739.jpg,Zonal
202740.jpg,KarnatakaPonni
202741.jpg,ADT45
202742.jpg,ADT45
202743.jpg,ADT45
202744.jpg,KarnatakaPonni
202745.jpg,ADT45
202746.jpg,ADT45
202747.jpg,ADT45
202748.jpg,ADT45
202749.jpg,ADT45
202750.jpg,AndraPonni
202751.jpg,ADT45
202752.jpg,ADT45
202753.jpg,AndraPonni
202754.jpg,ADT45
202755.jpg,Zonal
202756.jpg,KarnatakaPonni
202757.jpg,ADT45
202758.jpg,ADT45
202759.jpg,AtchayaPonni
202760.jpg,KarnatakaPonni
202761.jpg,KarnatakaPonni
202762.jpg,KarnatakaPonni
202763.jpg,ADT45
202764.jpg,ADT45
202765.jpg,ADT45
202766.jpg,AndraPonni
202767.jpg,AndraPonni
202768.jpg,ADT45
202769.jpg,ADT45
202770.jpg,ADT45
202771.jpg,ADT45
202772.jpg,KarnatakaPonni
202773.jpg,ADT45
202774.jpg,ADT45
202775.jpg,ADT45
202776.jpg,ADT45
202777.jpg,ADT45
202778.jpg,ADT45
202779.jpg,KarnatakaPonni
202780.jpg,KarnatakaPonni
202781.jpg,ADT45
202782.jpg,ADT45
202783.jpg,ADT45
202784.jpg,ADT45
202785.jpg,ADT45
202786.jpg,ADT45
202787.jpg,ADT45
202788.jpg,KarnatakaPonni
202789.jpg,ADT45
202790.jpg,ADT45
202791.jpg,ADT45
202792.jpg,ADT45
202793.jpg,ADT45
202794.jpg,ADT45
202795.jpg,KarnatakaPonni
202796.jpg,Surya
202797.jpg,Onthanel
202798.jpg,ADT45
202799.jpg,ADT45
202800.jpg,Zonal
202801.jpg,ADT45
202802.jpg,ADT45
202803.jpg,ADT45
202804.jpg,ADT45
202805.jpg,ADT45
202806.jpg,ADT45
202807.jpg,ADT45
202808.jpg,ADT45
202809.jpg,ADT45
202810.jpg,ADT45
202811.jpg,ADT45
202812.jpg,KarnatakaPonni
202813.jpg,ADT45
202814.jpg,ADT45
202815.jpg,RR
202816.jpg,ADT45
202817.jpg,ADT45
202818.jpg,IR20
202819.jpg,ADT45
202820.jpg,ADT45
202821.jpg,KarnatakaPonni
202822.jpg,KarnatakaPonni
202823.jpg,KarnatakaPonni
202824.jpg,ADT45
202825.jpg,ADT45
202826.jpg,ADT45
202827.jpg,KarnatakaPonni
202828.jpg,ADT45
202829.jpg,ADT45
202830.jpg,AndraPonni
202831.jpg,Ponni
202832.jpg,ADT45
202833.jpg,ADT45
202834.jpg,ADT45
202835.jpg,Ponni
202836.jpg,ADT45
202837.jpg,ADT45
202838.jpg,KarnatakaPonni
202839.jpg,ADT45
202840.jpg,Ponni
202841.jpg,ADT45
202842.jpg,ADT45
202843.jpg,ADT45
202844.jpg,ADT45
202845.jpg,ADT45
202846.jpg,KarnatakaPonni
202847.jpg,ADT45
202848.jpg,ADT45
202849.jpg,Ponni
202850.jpg,ADT45
202851.jpg,ADT45
202852.jpg,ADT45
202853.jpg,ADT45
202854.jpg,KarnatakaPonni
202855.jpg,ADT45
202856.jpg,ADT45
202857.jpg,ADT45
202858.jpg,ADT45
202859.jpg,ADT45
202860.jpg,ADT45
202861.jpg,Ponni
202862.jpg,KarnatakaPonni
202863.jpg,ADT45
202864.jpg,ADT45
202865.jpg,AndraPonni
202866.jpg,ADT45
202867.jpg,ADT45
202868.jpg,ADT45
202869.jpg,ADT45
202870.jpg,AndraPonni
202871.jpg,ADT45
202872.jpg,Ponni
202873.jpg,AtchayaPonni
202874.jpg,ADT45
202875.jpg,ADT45
202876.jpg,Ponni
202877.jpg,ADT45
202878.jpg,ADT45
202879.jpg,ADT45
202880.jpg,ADT45
202881.jpg,KarnatakaPonni
202882.jpg,ADT45
202883.jpg,ADT45
202884.jpg,ADT45
202885.jpg,Zonal
202886.jpg,ADT45
202887.jpg,ADT45
202888.jpg,ADT45
202889.jpg,ADT45
202890.jpg,ADT45
202891.jpg,ADT45
202892.jpg,ADT45
202893.jpg,ADT45
202894.jpg,ADT45
202895.jpg,ADT45
202896.jpg,ADT45
202897.jpg,Ponni
202898.jpg,ADT45
202899.jpg,ADT45
202900.jpg,ADT45
202901.jpg,KarnatakaPonni
202902.jpg,ADT45
202903.jpg,ADT45
202904.jpg,ADT45
202905.jpg,AtchayaPonni
202906.jpg,ADT45
202907.jpg,ADT45
202908.jpg,ADT45
202909.jpg,KarnatakaPonni
202910.jpg,Zonal
202911.jpg,Zonal
202912.jpg,ADT45
202913.jpg,ADT45
202914.jpg,ADT45
202915.jpg,ADT45
202916.jpg,ADT45
202917.jpg,AndraPonni
202918.jpg,ADT45
202919.jpg,ADT45
202920.jpg,ADT45
202921.jpg,ADT45
202922.jpg,ADT45
202923.jpg,Zonal
202924.jpg,ADT45
202925.jpg,ADT45
202926.jpg,IR20
202927.jpg,ADT45
202928.jpg,ADT45
202929.jpg,ADT45
202930.jpg,ADT45
202931.jpg,AtchayaPonni
202932.jpg,ADT45
202933.jpg,ADT45
202934.jpg,KarnatakaPonni
202935.jpg,KarnatakaPonni
202936.jpg,ADT45
202937.jpg,IR20
202938.jpg,ADT45
202939.jpg,KarnatakaPonni
202940.jpg,ADT45
202941.jpg,ADT45
202942.jpg,AndraPonni
202943.jpg,ADT45
202944.jpg,KarnatakaPonni
202945.jpg,ADT45
202946.jpg,ADT45
202947.jpg,ADT45
202948.jpg,KarnatakaPonni
202949.jpg,ADT45
202950.jpg,ADT45
202951.jpg,ADT45
202952.jpg,ADT45
202953.jpg,Ponni
202954.jpg,ADT45
202955.jpg,ADT45
202956.jpg,ADT45
202957.jpg,ADT45
202958.jpg,ADT45
202959.jpg,ADT45
202960.jpg,ADT45
202961.jpg,AndraPonni
202962.jpg,ADT45
202963.jpg,IR20
202964.jpg,ADT45
202965.jpg,ADT45
202966.jpg,ADT45
202967.jpg,ADT45
202968.jpg,AtchayaPonni
202969.jpg,KarnatakaPonni
202970.jpg,ADT45
202971.jpg,AtchayaPonni
202972.jpg,Onthanel
202973.jpg,ADT45
202974.jpg,Ponni
202975.jpg,ADT45
202976.jpg,AtchayaPonni
202977.jpg,ADT45
202978.jpg,ADT45
202979.jpg,ADT45
202980.jpg,KarnatakaPonni
202981.jpg,Onthanel
202982.jpg,ADT45
202983.jpg,KarnatakaPonni
202984.jpg,ADT45
202985.jpg,Onthanel
202986.jpg,ADT45
202987.jpg,ADT45
202988.jpg,ADT45
202989.jpg,ADT45
202990.jpg,ADT45
202991.jpg,ADT45
202992.jpg,ADT45
202993.jpg,ADT45
202994.jpg,KarnatakaPonni
202995.jpg,ADT45
202996.jpg,KarnatakaPonni
202997.jpg,AtchayaPonni
202998.jpg,ADT45
202999.jpg,ADT45
203000.jpg,KarnatakaPonni
203001.jpg,Zonal
203002.jpg,ADT45
203003.jpg,ADT45
203004.jpg,ADT45
203005.jpg,ADT45
203006.jpg,ADT45
203007.jpg,ADT45
203008.jpg,ADT45
203009.jpg,ADT45
203010.jpg,Zonal
203011.jpg,ADT45
203012.jpg,Zonal
203013.jpg,ADT45
203014.jpg,ADT45
203015.jpg,ADT45
203016.jpg,ADT45
203017.jpg,ADT45
203018.jpg,Onthanel
203019.jpg,AtchayaPonni
203020.jpg,ADT45
203021.jpg,ADT45
203022.jpg,ADT45
203023.jpg,AndraPonni
203024.jpg,ADT45
203025.jpg,ADT45
203026.jpg,ADT45
203027.jpg,Ponni
203028.jpg,ADT45
203029.jpg,AtchayaPonni
203030.jpg,ADT45
203031.jpg,Zonal
203032.jpg,ADT45
203033.jpg,ADT45
203034.jpg,ADT45
203035.jpg,Ponni
203036.jpg,ADT45
203037.jpg,AndraPonni
203038.jpg,ADT45
203039.jpg,AtchayaPonni
203040.jpg,Zonal
203041.jpg,ADT45
203042.jpg,ADT45
203043.jpg,ADT45
203044.jpg,ADT45
203045.jpg,ADT45
203046.jpg,ADT45
203047.jpg,ADT45
203048.jpg,Zonal
203049.jpg,ADT45
203050.jpg,KarnatakaPonni
203051.jpg,KarnatakaPonni
203052.jpg,ADT45
203053.jpg,Zonal
203054.jpg,ADT45
203055.jpg,ADT45
203056.jpg,AtchayaPonni
203057.jpg,ADT45
203058.jpg,Ponni
203059.jpg,ADT45
203060.jpg,ADT45
203061.jpg,AtchayaPonni
203062.jpg,KarnatakaPonni
203063.jpg,ADT45
203064.jpg,Onthanel
203065.jpg,ADT45
203066.jpg,ADT45
203067.jpg,ADT45
203068.jpg,RR
203069.jpg,ADT45
203070.jpg,ADT45
203071.jpg,ADT45
203072.jpg,ADT45
203073.jpg,AtchayaPonni
203074.jpg,ADT45
203075.jpg,KarnatakaPonni
203076.jpg,Zonal
203077.jpg,ADT45
203078.jpg,AtchayaPonni
203079.jpg,AtchayaPonni
203080.jpg,ADT45
203081.jpg,Zonal
203082.jpg,Ponni
203083.jpg,AtchayaPonni
203084.jpg,ADT45
203085.jpg,ADT45
203086.jpg,ADT45
203087.jpg,ADT45
203088.jpg,ADT45
203089.jpg,ADT45
203090.jpg,ADT45
203091.jpg,AndraPonni
203092.jpg,ADT45
203093.jpg,ADT45
203094.jpg,Zonal
203095.jpg,ADT45
203096.jpg,KarnatakaPonni
203097.jpg,KarnatakaPonni
203098.jpg,ADT45
203099.jpg,ADT45
203100.jpg,AtchayaPonni
203101.jpg,ADT45
203102.jpg,KarnatakaPonni
203103.jpg,KarnatakaPonni
203104.jpg,ADT45
203105.jpg,ADT45
203106.jpg,ADT45
203107.jpg,ADT45
203108.jpg,ADT45
203109.jpg,Onthanel
203110.jpg,IR20
203111.jpg,Ponni
203112.jpg,Onthanel
203113.jpg,KarnatakaPonni
203114.jpg,Ponni
203115.jpg,ADT45
203116.jpg,ADT45
203117.jpg,ADT45
203118.jpg,ADT45
203119.jpg,Onthanel
203120.jpg,ADT45
203121.jpg,Onthanel
203122.jpg,ADT45
203123.jpg,ADT45
203124.jpg,ADT45
203125.jpg,ADT45
203126.jpg,Ponni
203127.jpg,ADT45
203128.jpg,IR20
203129.jpg,ADT45
203130.jpg,ADT45
203131.jpg,Zonal
203132.jpg,KarnatakaPonni
203133.jpg,IR20
203134.jpg,ADT45
203135.jpg,Onthanel
203136.jpg,Zonal
203137.jpg,ADT45
203138.jpg,ADT45
203139.jpg,ADT45
203140.jpg,ADT45
203141.jpg,ADT45
203142.jpg,ADT45
203143.jpg,ADT45
203144.jpg,ADT45
203145.jpg,ADT45
203146.jpg,AndraPonni
203147.jpg,ADT45
203148.jpg,ADT45
203149.jpg,ADT45
203150.jpg,ADT45
203151.jpg,AtchayaPonni
203152.jpg,IR20
203153.jpg,ADT45
203154.jpg,ADT45
203155.jpg,Ponni
203156.jpg,ADT45
203157.jpg,ADT45
203158.jpg,ADT45
203159.jpg,ADT45
203160.jpg,ADT45
203161.jpg,ADT45
203162.jpg,Ponni
203163.jpg,ADT45
203164.jpg,ADT45
203165.jpg,KarnatakaPonni
203166.jpg,Zonal
203167.jpg,ADT45
203168.jpg,ADT45
203169.jpg,ADT45
203170.jpg,ADT45
203171.jpg,ADT45
203172.jpg,ADT45
203173.jpg,ADT45
203174.jpg,ADT45
203175.jpg,Ponni
203176.jpg,ADT45
203177.jpg,ADT45
203178.jpg,KarnatakaPonni
203179.jpg,ADT45
203180.jpg,Ponni
203181.jpg,KarnatakaPonni
203182.jpg,ADT45
203183.jpg,AtchayaPonni
203184.jpg,ADT45
203185.jpg,ADT45
203186.jpg,IR20
203187.jpg,ADT45
203188.jpg,KarnatakaPonni
203189.jpg,ADT45
203190.jpg,AtchayaPonni
203191.jpg,KarnatakaPonni
203192.jpg,KarnatakaPonni
203193.jpg,ADT45
203194.jpg,ADT45
203195.jpg,ADT45
203196.jpg,AndraPonni
203197.jpg,ADT45
203198.jpg,ADT45
203199.jpg,ADT45
203200.jpg,ADT45
203201.jpg,ADT45
203202.jpg,ADT45
203203.jpg,Ponni
203204.jpg,ADT45
203205.jpg,Ponni
203206.jpg,ADT45
203207.jpg,ADT45
203208.jpg,ADT45
203209.jpg,Zonal
203210.jpg,KarnatakaPonni
203211.jpg,ADT45
203212.jpg,KarnatakaPonni
203213.jpg,Zonal
203214.jpg,ADT45
203215.jpg,ADT45
203216.jpg,ADT45
203217.jpg,AndraPonni
203218.jpg,ADT45
203219.jpg,ADT45
203220.jpg,ADT45
203221.jpg,Zonal
203222.jpg,AtchayaPonni
203223.jpg,KarnatakaPonni
203224.jpg,KarnatakaPonni
203225.jpg,ADT45
203226.jpg,ADT45
203227.jpg,ADT45
203228.jpg,ADT45
203229.jpg,ADT45
203230.jpg,KarnatakaPonni
203231.jpg,ADT45
203232.jpg,ADT45
203233.jpg,ADT45
203234.jpg,AtchayaPonni
203235.jpg,ADT45
203236.jpg,ADT45
203237.jpg,ADT45
203238.jpg,ADT45
203239.jpg,ADT45
203240.jpg,Onthanel
203241.jpg,Zonal
203242.jpg,KarnatakaPonni
203243.jpg,ADT45
203244.jpg,ADT45
203245.jpg,ADT45
203246.jpg,ADT45
203247.jpg,ADT45
203248.jpg,Surya
203249.jpg,Ponni
203250.jpg,ADT45
203251.jpg,Ponni
203252.jpg,ADT45
203253.jpg,ADT45
203254.jpg,ADT45
203255.jpg,ADT45
203256.jpg,ADT45
203257.jpg,ADT45
203258.jpg,ADT45
203259.jpg,ADT45
203260.jpg,AtchayaPonni
203261.jpg,Zonal
203262.jpg,ADT45
203263.jpg,Ponni
203264.jpg,ADT45
203265.jpg,ADT45
203266.jpg,ADT45
203267.jpg,Ponni
203268.jpg,KarnatakaPonni
203269.jpg,ADT45
203270.jpg,ADT45
203271.jpg,ADT45
203272.jpg,Ponni
203273.jpg,ADT45
203274.jpg,ADT45
203275.jpg,ADT45
203276.jpg,ADT45
203277.jpg,ADT45
203278.jpg,ADT45
203279.jpg,KarnatakaPonni
203280.jpg,ADT45
203281.jpg,ADT45
203282.jpg,ADT45
203283.jpg,ADT45
203284.jpg,ADT45
203285.jpg,ADT45
203286.jpg,Ponni
203287.jpg,ADT45
203288.jpg,ADT45
203289.jpg,KarnatakaPonni
203290.jpg,ADT45
203291.jpg,ADT45
203292.jpg,ADT45
203293.jpg,ADT45
203294.jpg,KarnatakaPonni
203295.jpg,ADT45
203296.jpg,ADT45
203297.jpg,Surya
203298.jpg,ADT45
203299.jpg,ADT45
203300.jpg,KarnatakaPonni
203301.jpg,ADT45
203302.jpg,Ponni
203303.jpg,ADT45
203304.jpg,ADT45
203305.jpg,ADT45
203306.jpg,Onthanel
203307.jpg,ADT45
203308.jpg,Zonal
203309.jpg,ADT45
203310.jpg,ADT45
203311.jpg,ADT45
203312.jpg,ADT45
203313.jpg,ADT45
203314.jpg,AtchayaPonni
203315.jpg,ADT45
203316.jpg,AtchayaPonni
203317.jpg,ADT45
203318.jpg,AtchayaPonni
203319.jpg,Zonal
203320.jpg,ADT45
203321.jpg,IR20
203322.jpg,ADT45
203323.jpg,KarnatakaPonni
203324.jpg,KarnatakaPonni
203325.jpg,ADT45
203326.jpg,KarnatakaPonni
203327.jpg,KarnatakaPonni
203328.jpg,ADT45
203329.jpg,ADT45
203330.jpg,ADT45
203331.jpg,ADT45
203332.jpg,ADT45
203333.jpg,IR20
203334.jpg,Ponni
203335.jpg,ADT45
203336.jpg,ADT45
203337.jpg,Ponni
203338.jpg,KarnatakaPonni
203339.jpg,KarnatakaPonni
203340.jpg,KarnatakaPonni
203341.jpg,ADT45
203342.jpg,Zonal
203343.jpg,Ponni
203344.jpg,ADT45
203345.jpg,AtchayaPonni
203346.jpg,AtchayaPonni
203347.jpg,Ponni
203348.jpg,ADT45
203349.jpg,ADT45
203350.jpg,ADT45
203351.jpg,ADT45
203352.jpg,Ponni
203353.jpg,KarnatakaPonni
203354.jpg,ADT45
203355.jpg,ADT45
203356.jpg,ADT45
203357.jpg,KarnatakaPonni
203358.jpg,KarnatakaPonni
203359.jpg,Ponni
203360.jpg,ADT45
203361.jpg,ADT45
203362.jpg,ADT45
203363.jpg,ADT45
203364.jpg,ADT45
203365.jpg,ADT45
203366.jpg,ADT45
203367.jpg,AtchayaPonni
203368.jpg,AtchayaPonni
203369.jpg,ADT45
203370.jpg,ADT45
203371.jpg,Ponni
203372.jpg,AndraPonni
203373.jpg,ADT45
203374.jpg,Ponni
203375.jpg,ADT45
203376.jpg,Onthanel
203377.jpg,ADT45
203378.jpg,ADT45
203379.jpg,ADT45
203380.jpg,IR20
203381.jpg,ADT45
203382.jpg,Zonal
203383.jpg,ADT45
203384.jpg,ADT45
203385.jpg,KarnatakaPonni
203386.jpg,ADT45
203387.jpg,KarnatakaPonni
203388.jpg,AtchayaPonni
203389.jpg,KarnatakaPonni
203390.jpg,ADT45
203391.jpg,Ponni
203392.jpg,AndraPonni
203393.jpg,ADT45
203394.jpg,ADT45
203395.jpg,ADT45
203396.jpg,ADT45
203397.jpg,ADT45
203398.jpg,ADT45
203399.jpg,ADT45
203400.jpg,ADT45
203401.jpg,Onthanel
203402.jpg,ADT45
203403.jpg,ADT45
203404.jpg,ADT45
203405.jpg,ADT45
203406.jpg,ADT45
203407.jpg,ADT45
203408.jpg,ADT45
203409.jpg,ADT45
203410.jpg,AtchayaPonni
203411.jpg,KarnatakaPonni
203412.jpg,ADT45
203413.jpg,ADT45
203414.jpg,ADT45
203415.jpg,AtchayaPonni
203416.jpg,ADT45
203417.jpg,ADT45
203418.jpg,Ponni
203419.jpg,ADT45
203420.jpg,ADT45
203421.jpg,Ponni
203422.jpg,ADT45
203423.jpg,ADT45
203424.jpg,Ponni
203425.jpg,ADT45
203426.jpg,ADT45
203427.jpg,KarnatakaPonni
203428.jpg,ADT45
203429.jpg,ADT45
203430.jpg,ADT45
203431.jpg,ADT45
203432.jpg,ADT45
203433.jpg,ADT45
203434.jpg,ADT45
203435.jpg,ADT45
203436.jpg,ADT45
203437.jpg,ADT45
203438.jpg,ADT45
203439.jpg,ADT45
203440.jpg,ADT45
203441.jpg,Zonal
203442.jpg,ADT45
203443.jpg,ADT45
203444.jpg,ADT45
203445.jpg,Onthanel
203446.jpg,ADT45
203447.jpg,ADT45
203448.jpg,ADT45
203449.jpg,ADT45
203450.jpg,ADT45
203451.jpg,KarnatakaPonni
203452.jpg,Onthanel
203453.jpg,ADT45
203454.jpg,ADT45
203455.jpg,Onthanel
203456.jpg,ADT45
203457.jpg,ADT45
203458.jpg,KarnatakaPonni
203459.jpg,ADT45
203460.jpg,ADT45
203461.jpg,ADT45
203462.jpg,ADT45
203463.jpg,ADT45
203464.jpg,Ponni
203465.jpg,IR20
203466.jpg,ADT45
203467.jpg,ADT45
203468.jpg,KarnatakaPonni
203469.jpg,ADT45
